{"timestamp":"2026-07-07T04:45:31.152612Z","level":"info","event":"Filling up the DagBag from /opt/airflow/dags/6_conditional_dag.py","logger":"airflow.dag_processing.dagbag.BundleDagBag","filename":"dagbag.py","lineno":469}
{"timestamp":"2026-07-07T04:45:31.255114Z","level":"warning","event":"The `airflow.decorators.task` attribute is deprecated. Please use `'airflow.sdk.task'`.","category":"UserWarning","filename":"/opt/airflow/dags/6_conditional_dag.py","lineno":2,"logger":"py.warnings"}
{"timestamp":"2026-07-07T04:45:31.255503Z","level":"warning","event":"The `airflow.operators.python.BranchPythonOperator` attribute is deprecated. Please use `'airflow.providers.standard.operators.python.BranchPythonOperator'`.","category":"UserWarning","filename":"/opt/airflow/dags/6_conditional_dag.py","lineno":3,"logger":"py.warnings"}
{"timestamp":"2026-07-07T04:45:31.255675Z","level":"warning","event":"The `airflow.operators.empty.EmptyOperator` attribute is deprecated. Please use `'airflow.providers.standard.operators.empty.EmptyOperator'`.","category":"UserWarning","filename":"/opt/airflow/dags/6_conditional_dag.py","lineno":4,"logger":"py.warnings"}
{"timestamp":"2026-07-07T04:46:03.240015Z","level":"info","event":"Filling up the DagBag from /opt/airflow/dags/6_conditional_dag.py","logger":"airflow.dag_processing.dagbag.BundleDagBag","filename":"dagbag.py","lineno":469}
{"timestamp":"2026-07-07T04:46:03.298189Z","level":"warning","event":"The `airflow.decorators.task` attribute is deprecated. Please use `'airflow.sdk.task'`.","category":"UserWarning","filename":"/opt/airflow/dags/6_conditional_dag.py","lineno":2,"logger":"py.warnings"}
{"timestamp":"2026-07-07T04:46:03.298362Z","level":"warning","event":"The `airflow.operators.python.BranchPythonOperator` attribute is deprecated. Please use `'airflow.providers.standard.operators.python.BranchPythonOperator'`.","category":"UserWarning","filename":"/opt/airflow/dags/6_conditional_dag.py","lineno":3,"logger":"py.warnings"}
{"timestamp":"2026-07-07T04:46:03.298466Z","level":"warning","event":"The `airflow.operators.empty.EmptyOperator` attribute is deprecated. Please use `'airflow.providers.standard.operators.empty.EmptyOperator'`.","category":"UserWarning","filename":"/opt/airflow/dags/6_conditional_dag.py","lineno":4,"logger":"py.warnings"}
{"timestamp":"2026-07-07T04:46:33.606997Z","level":"info","event":"Filling up the DagBag from /opt/airflow/dags/6_conditional_dag.py","logger":"airflow.dag_processing.dagbag.BundleDagBag","filename":"dagbag.py","lineno":469}
{"timestamp":"2026-07-07T04:46:33.646215Z","level":"warning","event":"The `airflow.decorators.task` attribute is deprecated. Please use `'airflow.sdk.task'`.","category":"UserWarning","filename":"/opt/airflow/dags/6_conditional_dag.py","lineno":2,"logger":"py.warnings"}
{"timestamp":"2026-07-07T04:46:33.646370Z","level":"warning","event":"The `airflow.operators.python.BranchPythonOperator` attribute is deprecated. Please use `'airflow.providers.standard.operators.python.BranchPythonOperator'`.","category":"UserWarning","filename":"/opt/airflow/dags/6_conditional_dag.py","lineno":3,"logger":"py.warnings"}
{"timestamp":"2026-07-07T04:46:33.646436Z","level":"warning","event":"The `airflow.operators.empty.EmptyOperator` attribute is deprecated. Please use `'airflow.providers.standard.operators.empty.EmptyOperator'`.","category":"UserWarning","filename":"/opt/airflow/dags/6_conditional_dag.py","lineno":4,"logger":"py.warnings"}
{"timestamp":"2026-07-07T04:47:04.072462Z","level":"info","event":"Filling up the DagBag from /opt/airflow/dags/6_conditional_dag.py","logger":"airflow.dag_processing.dagbag.BundleDagBag","filename":"dagbag.py","lineno":469}
{"timestamp":"2026-07-07T04:47:04.113771Z","level":"warning","event":"The `airflow.decorators.task` attribute is deprecated. Please use `'airflow.sdk.task'`.","category":"UserWarning","filename":"/opt/airflow/dags/6_conditional_dag.py","lineno":2,"logger":"py.warnings"}
{"timestamp":"2026-07-07T04:47:04.113957Z","level":"warning","event":"The `airflow.operators.python.BranchPythonOperator` attribute is deprecated. Please use `'airflow.providers.standard.operators.python.BranchPythonOperator'`.","category":"UserWarning","filename":"/opt/airflow/dags/6_conditional_dag.py","lineno":3,"logger":"py.warnings"}
{"timestamp":"2026-07-07T04:47:04.114061Z","level":"warning","event":"The `airflow.operators.empty.EmptyOperator` attribute is deprecated. Please use `'airflow.providers.standard.operators.empty.EmptyOperator'`.","category":"UserWarning","filename":"/opt/airflow/dags/6_conditional_dag.py","lineno":4,"logger":"py.warnings"}
{"timestamp":"2026-07-07T04:47:34.345579Z","level":"info","event":"Filling up the DagBag from /opt/airflow/dags/6_conditional_dag.py","logger":"airflow.dag_processing.dagbag.BundleDagBag","filename":"dagbag.py","lineno":469}
{"timestamp":"2026-07-07T04:47:34.388031Z","level":"warning","event":"The `airflow.decorators.task` attribute is deprecated. Please use `'airflow.sdk.task'`.","category":"UserWarning","filename":"/opt/airflow/dags/6_conditional_dag.py","lineno":2,"logger":"py.warnings"}
{"timestamp":"2026-07-07T04:47:34.388196Z","level":"warning","event":"The `airflow.operators.python.BranchPythonOperator` attribute is deprecated. Please use `'airflow.providers.standard.operators.python.BranchPythonOperator'`.","category":"UserWarning","filename":"/opt/airflow/dags/6_conditional_dag.py","lineno":3,"logger":"py.warnings"}
{"timestamp":"2026-07-07T04:47:34.388263Z","level":"warning","event":"The `airflow.operators.empty.EmptyOperator` attribute is deprecated. Please use `'airflow.providers.standard.operators.empty.EmptyOperator'`.","category":"UserWarning","filename":"/opt/airflow/dags/6_conditional_dag.py","lineno":4,"logger":"py.warnings"}
{"timestamp":"2026-07-07T04:48:04.651869Z","level":"info","event":"Filling up the DagBag from /opt/airflow/dags/6_conditional_dag.py","logger":"airflow.dag_processing.dagbag.BundleDagBag","filename":"dagbag.py","lineno":469}
{"timestamp":"2026-07-07T04:48:04.706909Z","level":"warning","event":"The `airflow.decorators.task` attribute is deprecated. Please use `'airflow.sdk.task'`.","category":"UserWarning","filename":"/opt/airflow/dags/6_conditional_dag.py","lineno":2,"logger":"py.warnings"}
{"timestamp":"2026-07-07T04:48:04.707123Z","level":"warning","event":"The `airflow.operators.python.BranchPythonOperator` attribute is deprecated. Please use `'airflow.providers.standard.operators.python.BranchPythonOperator'`.","category":"UserWarning","filename":"/opt/airflow/dags/6_conditional_dag.py","lineno":3,"logger":"py.warnings"}
{"timestamp":"2026-07-07T04:48:04.707229Z","level":"warning","event":"The `airflow.operators.empty.EmptyOperator` attribute is deprecated. Please use `'airflow.providers.standard.operators.empty.EmptyOperator'`.","category":"UserWarning","filename":"/opt/airflow/dags/6_conditional_dag.py","lineno":4,"logger":"py.warnings"}
{"timestamp":"2026-07-07T04:48:34.995533Z","level":"info","event":"Filling up the DagBag from /opt/airflow/dags/6_conditional_dag.py","logger":"airflow.dag_processing.dagbag.BundleDagBag","filename":"dagbag.py","lineno":469}
{"timestamp":"2026-07-07T04:48:35.037546Z","level":"warning","event":"The `airflow.decorators.task` attribute is deprecated. Please use `'airflow.sdk.task'`.","category":"UserWarning","filename":"/opt/airflow/dags/6_conditional_dag.py","lineno":2,"logger":"py.warnings"}
{"timestamp":"2026-07-07T04:48:35.037710Z","level":"warning","event":"The `airflow.operators.python.BranchPythonOperator` attribute is deprecated. Please use `'airflow.providers.standard.operators.python.BranchPythonOperator'`.","category":"UserWarning","filename":"/opt/airflow/dags/6_conditional_dag.py","lineno":3,"logger":"py.warnings"}
{"timestamp":"2026-07-07T04:48:35.037785Z","level":"warning","event":"The `airflow.operators.empty.EmptyOperator` attribute is deprecated. Please use `'airflow.providers.standard.operators.empty.EmptyOperator'`.","category":"UserWarning","filename":"/opt/airflow/dags/6_conditional_dag.py","lineno":4,"logger":"py.warnings"}
{"timestamp":"2026-07-07T04:49:05.419135Z","level":"info","event":"Filling up the DagBag from /opt/airflow/dags/6_conditional_dag.py","logger":"airflow.dag_processing.dagbag.BundleDagBag","filename":"dagbag.py","lineno":469}
{"timestamp":"2026-07-07T04:49:05.473765Z","level":"warning","event":"The `airflow.decorators.task` attribute is deprecated. Please use `'airflow.sdk.task'`.","category":"UserWarning","filename":"/opt/airflow/dags/6_conditional_dag.py","lineno":2,"logger":"py.warnings"}
{"timestamp":"2026-07-07T04:49:05.473932Z","level":"warning","event":"The `airflow.operators.python.BranchPythonOperator` attribute is deprecated. Please use `'airflow.providers.standard.operators.python.BranchPythonOperator'`.","category":"UserWarning","filename":"/opt/airflow/dags/6_conditional_dag.py","lineno":3,"logger":"py.warnings"}
{"timestamp":"2026-07-07T04:49:05.473996Z","level":"warning","event":"The `airflow.operators.empty.EmptyOperator` attribute is deprecated. Please use `'airflow.providers.standard.operators.empty.EmptyOperator'`.","category":"UserWarning","filename":"/opt/airflow/dags/6_conditional_dag.py","lineno":4,"logger":"py.warnings"}
{"timestamp":"2026-07-07T04:49:35.790900Z","level":"info","event":"Filling up the DagBag from /opt/airflow/dags/6_conditional_dag.py","logger":"airflow.dag_processing.dagbag.BundleDagBag","filename":"dagbag.py","lineno":469}
{"timestamp":"2026-07-07T04:49:35.829331Z","level":"warning","event":"The `airflow.decorators.task` attribute is deprecated. Please use `'airflow.sdk.task'`.","category":"UserWarning","filename":"/opt/airflow/dags/6_conditional_dag.py","lineno":2,"logger":"py.warnings"}
{"timestamp":"2026-07-07T04:49:35.829487Z","level":"warning","event":"The `airflow.operators.python.BranchPythonOperator` attribute is deprecated. Please use `'airflow.providers.standard.operators.python.BranchPythonOperator'`.","category":"UserWarning","filename":"/opt/airflow/dags/6_conditional_dag.py","lineno":3,"logger":"py.warnings"}
{"timestamp":"2026-07-07T04:49:35.829552Z","level":"warning","event":"The `airflow.operators.empty.EmptyOperator` attribute is deprecated. Please use `'airflow.providers.standard.operators.empty.EmptyOperator'`.","category":"UserWarning","filename":"/opt/airflow/dags/6_conditional_dag.py","lineno":4,"logger":"py.warnings"}
{"timestamp":"2026-07-07T04:50:07.151074Z","level":"info","event":"Filling up the DagBag from /opt/airflow/dags/6_conditional_dag.py","logger":"airflow.dag_processing.dagbag.BundleDagBag","filename":"dagbag.py","lineno":469}
{"timestamp":"2026-07-07T04:50:07.207934Z","level":"warning","event":"The `airflow.decorators.task` attribute is deprecated. Please use `'airflow.sdk.task'`.","category":"UserWarning","filename":"/opt/airflow/dags/6_conditional_dag.py","lineno":2,"logger":"py.warnings"}
{"timestamp":"2026-07-07T04:50:07.208102Z","level":"warning","event":"The `airflow.operators.python.BranchPythonOperator` attribute is deprecated. Please use `'airflow.providers.standard.operators.python.BranchPythonOperator'`.","category":"UserWarning","filename":"/opt/airflow/dags/6_conditional_dag.py","lineno":3,"logger":"py.warnings"}
{"timestamp":"2026-07-07T04:50:07.208173Z","level":"warning","event":"The `airflow.operators.empty.EmptyOperator` attribute is deprecated. Please use `'airflow.providers.standard.operators.empty.EmptyOperator'`.","category":"UserWarning","filename":"/opt/airflow/dags/6_conditional_dag.py","lineno":4,"logger":"py.warnings"}
{"timestamp":"2026-07-07T04:50:38.585197Z","level":"info","event":"Filling up the DagBag from /opt/airflow/dags/6_conditional_dag.py","logger":"airflow.dag_processing.dagbag.BundleDagBag","filename":"dagbag.py","lineno":469}
{"timestamp":"2026-07-07T04:50:38.622591Z","level":"warning","event":"The `airflow.decorators.task` attribute is deprecated. Please use `'airflow.sdk.task'`.","category":"UserWarning","filename":"/opt/airflow/dags/6_conditional_dag.py","lineno":2,"logger":"py.warnings"}
{"timestamp":"2026-07-07T04:50:38.622747Z","level":"warning","event":"The `airflow.operators.python.BranchPythonOperator` attribute is deprecated. Please use `'airflow.providers.standard.operators.python.BranchPythonOperator'`.","category":"UserWarning","filename":"/opt/airflow/dags/6_conditional_dag.py","lineno":3,"logger":"py.warnings"}
{"timestamp":"2026-07-07T04:50:38.622814Z","level":"warning","event":"The `airflow.operators.empty.EmptyOperator` attribute is deprecated. Please use `'airflow.providers.standard.operators.empty.EmptyOperator'`.","category":"UserWarning","filename":"/opt/airflow/dags/6_conditional_dag.py","lineno":4,"logger":"py.warnings"}
{"timestamp":"2026-07-07T04:51:10.055592Z","level":"info","event":"Filling up the DagBag from /opt/airflow/dags/6_conditional_dag.py","logger":"airflow.dag_processing.dagbag.BundleDagBag","filename":"dagbag.py","lineno":469}
{"timestamp":"2026-07-07T04:51:10.097802Z","level":"warning","event":"The `airflow.decorators.task` attribute is deprecated. Please use `'airflow.sdk.task'`.","category":"UserWarning","filename":"/opt/airflow/dags/6_conditional_dag.py","lineno":2,"logger":"py.warnings"}
{"timestamp":"2026-07-07T04:51:10.097948Z","level":"warning","event":"The `airflow.operators.python.BranchPythonOperator` attribute is deprecated. Please use `'airflow.providers.standard.operators.python.BranchPythonOperator'`.","category":"UserWarning","filename":"/opt/airflow/dags/6_conditional_dag.py","lineno":3,"logger":"py.warnings"}
{"timestamp":"2026-07-07T04:51:10.098013Z","level":"warning","event":"The `airflow.operators.empty.EmptyOperator` attribute is deprecated. Please use `'airflow.providers.standard.operators.empty.EmptyOperator'`.","category":"UserWarning","filename":"/opt/airflow/dags/6_conditional_dag.py","lineno":4,"logger":"py.warnings"}
{"timestamp":"2026-07-07T04:51:41.527008Z","level":"info","event":"Filling up the DagBag from /opt/airflow/dags/6_conditional_dag.py","logger":"airflow.dag_processing.dagbag.BundleDagBag","filename":"dagbag.py","lineno":469}
{"timestamp":"2026-07-07T04:51:41.563938Z","level":"warning","event":"The `airflow.decorators.task` attribute is deprecated. Please use `'airflow.sdk.task'`.","category":"UserWarning","filename":"/opt/airflow/dags/6_conditional_dag.py","lineno":2,"logger":"py.warnings"}
{"timestamp":"2026-07-07T04:51:41.564105Z","level":"warning","event":"The `airflow.operators.python.BranchPythonOperator` attribute is deprecated. Please use `'airflow.providers.standard.operators.python.BranchPythonOperator'`.","category":"UserWarning","filename":"/opt/airflow/dags/6_conditional_dag.py","lineno":3,"logger":"py.warnings"}
{"timestamp":"2026-07-07T04:51:41.564177Z","level":"warning","event":"The `airflow.operators.empty.EmptyOperator` attribute is deprecated. Please use `'airflow.providers.standard.operators.empty.EmptyOperator'`.","category":"UserWarning","filename":"/opt/airflow/dags/6_conditional_dag.py","lineno":4,"logger":"py.warnings"}
{"timestamp":"2026-07-07T04:52:12.869604Z","level":"info","event":"Filling up the DagBag from /opt/airflow/dags/6_conditional_dag.py","logger":"airflow.dag_processing.dagbag.BundleDagBag","filename":"dagbag.py","lineno":469}
{"timestamp":"2026-07-07T04:52:12.907350Z","level":"warning","event":"The `airflow.decorators.task` attribute is deprecated. Please use `'airflow.sdk.task'`.","category":"UserWarning","filename":"/opt/airflow/dags/6_conditional_dag.py","lineno":2,"logger":"py.warnings"}
{"timestamp":"2026-07-07T04:52:12.907509Z","level":"warning","event":"The `airflow.operators.python.BranchPythonOperator` attribute is deprecated. Please use `'airflow.providers.standard.operators.python.BranchPythonOperator'`.","category":"UserWarning","filename":"/opt/airflow/dags/6_conditional_dag.py","lineno":3,"logger":"py.warnings"}
{"timestamp":"2026-07-07T04:52:12.907577Z","level":"warning","event":"The `airflow.operators.empty.EmptyOperator` attribute is deprecated. Please use `'airflow.providers.standard.operators.empty.EmptyOperator'`.","category":"UserWarning","filename":"/opt/airflow/dags/6_conditional_dag.py","lineno":4,"logger":"py.warnings"}
{"timestamp":"2026-07-07T04:52:44.261138Z","level":"info","event":"Filling up the DagBag from /opt/airflow/dags/6_conditional_dag.py","logger":"airflow.dag_processing.dagbag.BundleDagBag","filename":"dagbag.py","lineno":469}
{"timestamp":"2026-07-07T04:52:44.298413Z","level":"warning","event":"The `airflow.decorators.task` attribute is deprecated. Please use `'airflow.sdk.task'`.","category":"UserWarning","filename":"/opt/airflow/dags/6_conditional_dag.py","lineno":2,"logger":"py.warnings"}
{"timestamp":"2026-07-07T04:52:44.298573Z","level":"warning","event":"The `airflow.operators.python.BranchPythonOperator` attribute is deprecated. Please use `'airflow.providers.standard.operators.python.BranchPythonOperator'`.","category":"UserWarning","filename":"/opt/airflow/dags/6_conditional_dag.py","lineno":3,"logger":"py.warnings"}
{"timestamp":"2026-07-07T04:52:44.298634Z","level":"warning","event":"The `airflow.operators.empty.EmptyOperator` attribute is deprecated. Please use `'airflow.providers.standard.operators.empty.EmptyOperator'`.","category":"UserWarning","filename":"/opt/airflow/dags/6_conditional_dag.py","lineno":4,"logger":"py.warnings"}
{"timestamp":"2026-07-07T04:53:15.699397Z","level":"info","event":"Filling up the DagBag from /opt/airflow/dags/6_conditional_dag.py","logger":"airflow.dag_processing.dagbag.BundleDagBag","filename":"dagbag.py","lineno":469}
{"timestamp":"2026-07-07T04:53:15.737866Z","level":"warning","event":"The `airflow.decorators.task` attribute is deprecated. Please use `'airflow.sdk.task'`.","category":"UserWarning","filename":"/opt/airflow/dags/6_conditional_dag.py","lineno":2,"logger":"py.warnings"}
{"timestamp":"2026-07-07T04:53:15.738034Z","level":"warning","event":"The `airflow.operators.python.BranchPythonOperator` attribute is deprecated. Please use `'airflow.providers.standard.operators.python.BranchPythonOperator'`.","category":"UserWarning","filename":"/opt/airflow/dags/6_conditional_dag.py","lineno":3,"logger":"py.warnings"}
{"timestamp":"2026-07-07T04:53:15.738103Z","level":"warning","event":"The `airflow.operators.empty.EmptyOperator` attribute is deprecated. Please use `'airflow.providers.standard.operators.empty.EmptyOperator'`.","category":"UserWarning","filename":"/opt/airflow/dags/6_conditional_dag.py","lineno":4,"logger":"py.warnings"}
{"timestamp":"2026-07-07T04:53:47.088138Z","level":"info","event":"Filling up the DagBag from /opt/airflow/dags/6_conditional_dag.py","logger":"airflow.dag_processing.dagbag.BundleDagBag","filename":"dagbag.py","lineno":469}
{"timestamp":"2026-07-07T04:53:47.131087Z","level":"warning","event":"The `airflow.decorators.task` attribute is deprecated. Please use `'airflow.sdk.task'`.","category":"UserWarning","filename":"/opt/airflow/dags/6_conditional_dag.py","lineno":2,"logger":"py.warnings"}
{"timestamp":"2026-07-07T04:53:47.131263Z","level":"warning","event":"The `airflow.operators.python.BranchPythonOperator` attribute is deprecated. Please use `'airflow.providers.standard.operators.python.BranchPythonOperator'`.","category":"UserWarning","filename":"/opt/airflow/dags/6_conditional_dag.py","lineno":3,"logger":"py.warnings"}
{"timestamp":"2026-07-07T04:53:47.131339Z","level":"warning","event":"The `airflow.operators.empty.EmptyOperator` attribute is deprecated. Please use `'airflow.providers.standard.operators.empty.EmptyOperator'`.","category":"UserWarning","filename":"/opt/airflow/dags/6_conditional_dag.py","lineno":4,"logger":"py.warnings"}
{"timestamp":"2026-07-07T04:54:18.516588Z","level":"info","event":"Filling up the DagBag from /opt/airflow/dags/6_conditional_dag.py","logger":"airflow.dag_processing.dagbag.BundleDagBag","filename":"dagbag.py","lineno":469}
{"timestamp":"2026-07-07T04:54:18.555456Z","level":"warning","event":"The `airflow.decorators.task` attribute is deprecated. Please use `'airflow.sdk.task'`.","category":"UserWarning","filename":"/opt/airflow/dags/6_conditional_dag.py","lineno":2,"logger":"py.warnings"}
{"timestamp":"2026-07-07T04:54:18.555630Z","level":"warning","event":"The `airflow.operators.python.BranchPythonOperator` attribute is deprecated. Please use `'airflow.providers.standard.operators.python.BranchPythonOperator'`.","category":"UserWarning","filename":"/opt/airflow/dags/6_conditional_dag.py","lineno":3,"logger":"py.warnings"}
{"timestamp":"2026-07-07T04:54:18.555709Z","level":"warning","event":"The `airflow.operators.empty.EmptyOperator` attribute is deprecated. Please use `'airflow.providers.standard.operators.empty.EmptyOperator'`.","category":"UserWarning","filename":"/opt/airflow/dags/6_conditional_dag.py","lineno":4,"logger":"py.warnings"}
{"timestamp":"2026-07-07T04:54:49.902387Z","level":"info","event":"Filling up the DagBag from /opt/airflow/dags/6_conditional_dag.py","logger":"airflow.dag_processing.dagbag.BundleDagBag","filename":"dagbag.py","lineno":469}
{"timestamp":"2026-07-07T04:54:49.953159Z","level":"warning","event":"The `airflow.decorators.task` attribute is deprecated. Please use `'airflow.sdk.task'`.","category":"UserWarning","filename":"/opt/airflow/dags/6_conditional_dag.py","lineno":2,"logger":"py.warnings"}
{"timestamp":"2026-07-07T04:54:49.953353Z","level":"warning","event":"The `airflow.operators.python.BranchPythonOperator` attribute is deprecated. Please use `'airflow.providers.standard.operators.python.BranchPythonOperator'`.","category":"UserWarning","filename":"/opt/airflow/dags/6_conditional_dag.py","lineno":3,"logger":"py.warnings"}
{"timestamp":"2026-07-07T04:54:49.953469Z","level":"warning","event":"The `airflow.operators.empty.EmptyOperator` attribute is deprecated. Please use `'airflow.providers.standard.operators.empty.EmptyOperator'`.","category":"UserWarning","filename":"/opt/airflow/dags/6_conditional_dag.py","lineno":4,"logger":"py.warnings"}
{"timestamp":"2026-07-07T04:55:21.280352Z","level":"info","event":"Filling up the DagBag from /opt/airflow/dags/6_conditional_dag.py","logger":"airflow.dag_processing.dagbag.BundleDagBag","filename":"dagbag.py","lineno":469}
{"timestamp":"2026-07-07T04:55:21.318414Z","level":"warning","event":"The `airflow.decorators.task` attribute is deprecated. Please use `'airflow.sdk.task'`.","category":"UserWarning","filename":"/opt/airflow/dags/6_conditional_dag.py","lineno":2,"logger":"py.warnings"}
{"timestamp":"2026-07-07T04:55:21.318569Z","level":"warning","event":"The `airflow.operators.python.BranchPythonOperator` attribute is deprecated. Please use `'airflow.providers.standard.operators.python.BranchPythonOperator'`.","category":"UserWarning","filename":"/opt/airflow/dags/6_conditional_dag.py","lineno":3,"logger":"py.warnings"}
{"timestamp":"2026-07-07T04:55:21.318635Z","level":"warning","event":"The `airflow.operators.empty.EmptyOperator` attribute is deprecated. Please use `'airflow.providers.standard.operators.empty.EmptyOperator'`.","category":"UserWarning","filename":"/opt/airflow/dags/6_conditional_dag.py","lineno":4,"logger":"py.warnings"}
{"timestamp":"2026-07-07T04:55:52.995903Z","level":"info","event":"Filling up the DagBag from /opt/airflow/dags/6_conditional_dag.py","logger":"airflow.dag_processing.dagbag.BundleDagBag","filename":"dagbag.py","lineno":469}
{"timestamp":"2026-07-07T04:55:53.033229Z","level":"warning","event":"The `airflow.decorators.task` attribute is deprecated. Please use `'airflow.sdk.task'`.","category":"UserWarning","filename":"/opt/airflow/dags/6_conditional_dag.py","lineno":2,"logger":"py.warnings"}
{"timestamp":"2026-07-07T04:55:53.033377Z","level":"warning","event":"The `airflow.operators.python.BranchPythonOperator` attribute is deprecated. Please use `'airflow.providers.standard.operators.python.BranchPythonOperator'`.","category":"UserWarning","filename":"/opt/airflow/dags/6_conditional_dag.py","lineno":3,"logger":"py.warnings"}
{"timestamp":"2026-07-07T04:55:53.033470Z","level":"warning","event":"The `airflow.operators.empty.EmptyOperator` attribute is deprecated. Please use `'airflow.providers.standard.operators.empty.EmptyOperator'`.","category":"UserWarning","filename":"/opt/airflow/dags/6_conditional_dag.py","lineno":4,"logger":"py.warnings"}
{"timestamp":"2026-07-07T04:56:24.464228Z","level":"info","event":"Filling up the DagBag from /opt/airflow/dags/6_conditional_dag.py","logger":"airflow.dag_processing.dagbag.BundleDagBag","filename":"dagbag.py","lineno":469}
{"timestamp":"2026-07-07T04:56:24.507664Z","level":"warning","event":"The `airflow.decorators.task` attribute is deprecated. Please use `'airflow.sdk.task'`.","category":"UserWarning","filename":"/opt/airflow/dags/6_conditional_dag.py","lineno":2,"logger":"py.warnings"}
{"timestamp":"2026-07-07T04:56:24.507817Z","level":"warning","event":"The `airflow.operators.python.BranchPythonOperator` attribute is deprecated. Please use `'airflow.providers.standard.operators.python.BranchPythonOperator'`.","category":"UserWarning","filename":"/opt/airflow/dags/6_conditional_dag.py","lineno":3,"logger":"py.warnings"}
{"timestamp":"2026-07-07T04:56:24.507897Z","level":"warning","event":"The `airflow.operators.empty.EmptyOperator` attribute is deprecated. Please use `'airflow.providers.standard.operators.empty.EmptyOperator'`.","category":"UserWarning","filename":"/opt/airflow/dags/6_conditional_dag.py","lineno":4,"logger":"py.warnings"}
{"timestamp":"2026-07-07T04:56:56.004690Z","level":"info","event":"Filling up the DagBag from /opt/airflow/dags/6_conditional_dag.py","logger":"airflow.dag_processing.dagbag.BundleDagBag","filename":"dagbag.py","lineno":469}
{"timestamp":"2026-07-07T04:56:56.065936Z","level":"warning","event":"The `airflow.decorators.task` attribute is deprecated. Please use `'airflow.sdk.task'`.","category":"UserWarning","filename":"/opt/airflow/dags/6_conditional_dag.py","lineno":2,"logger":"py.warnings"}
{"timestamp":"2026-07-07T04:56:56.066143Z","level":"warning","event":"The `airflow.operators.python.BranchPythonOperator` attribute is deprecated. Please use `'airflow.providers.standard.operators.python.BranchPythonOperator'`.","category":"UserWarning","filename":"/opt/airflow/dags/6_conditional_dag.py","lineno":3,"logger":"py.warnings"}
{"timestamp":"2026-07-07T04:56:56.066269Z","level":"warning","event":"The `airflow.operators.empty.EmptyOperator` attribute is deprecated. Please use `'airflow.providers.standard.operators.empty.EmptyOperator'`.","category":"UserWarning","filename":"/opt/airflow/dags/6_conditional_dag.py","lineno":4,"logger":"py.warnings"}
{"timestamp":"2026-07-07T04:57:27.492486Z","level":"info","event":"Filling up the DagBag from /opt/airflow/dags/6_conditional_dag.py","logger":"airflow.dag_processing.dagbag.BundleDagBag","filename":"dagbag.py","lineno":469}
{"timestamp":"2026-07-07T04:57:27.534156Z","level":"warning","event":"The `airflow.decorators.task` attribute is deprecated. Please use `'airflow.sdk.task'`.","category":"UserWarning","filename":"/opt/airflow/dags/6_conditional_dag.py","lineno":2,"logger":"py.warnings"}
{"timestamp":"2026-07-07T04:57:27.534356Z","level":"warning","event":"The `airflow.operators.python.BranchPythonOperator` attribute is deprecated. Please use `'airflow.providers.standard.operators.python.BranchPythonOperator'`.","category":"UserWarning","filename":"/opt/airflow/dags/6_conditional_dag.py","lineno":3,"logger":"py.warnings"}
{"timestamp":"2026-07-07T04:57:27.534433Z","level":"warning","event":"The `airflow.operators.empty.EmptyOperator` attribute is deprecated. Please use `'airflow.providers.standard.operators.empty.EmptyOperator'`.","category":"UserWarning","filename":"/opt/airflow/dags/6_conditional_dag.py","lineno":4,"logger":"py.warnings"}
{"timestamp":"2026-07-07T04:57:58.884960Z","level":"info","event":"Filling up the DagBag from /opt/airflow/dags/6_conditional_dag.py","logger":"airflow.dag_processing.dagbag.BundleDagBag","filename":"dagbag.py","lineno":469}
{"timestamp":"2026-07-07T04:57:58.934664Z","level":"warning","event":"The `airflow.decorators.task` attribute is deprecated. Please use `'airflow.sdk.task'`.","category":"UserWarning","filename":"/opt/airflow/dags/6_conditional_dag.py","lineno":2,"logger":"py.warnings"}
{"timestamp":"2026-07-07T04:57:58.934927Z","level":"warning","event":"The `airflow.operators.python.BranchPythonOperator` attribute is deprecated. Please use `'airflow.providers.standard.operators.python.BranchPythonOperator'`.","category":"UserWarning","filename":"/opt/airflow/dags/6_conditional_dag.py","lineno":3,"logger":"py.warnings"}
{"timestamp":"2026-07-07T04:57:58.935073Z","level":"warning","event":"The `airflow.operators.empty.EmptyOperator` attribute is deprecated. Please use `'airflow.providers.standard.operators.empty.EmptyOperator'`.","category":"UserWarning","filename":"/opt/airflow/dags/6_conditional_dag.py","lineno":4,"logger":"py.warnings"}
{"timestamp":"2026-07-07T04:58:30.288784Z","level":"info","event":"Filling up the DagBag from /opt/airflow/dags/6_conditional_dag.py","logger":"airflow.dag_processing.dagbag.BundleDagBag","filename":"dagbag.py","lineno":469}
{"timestamp":"2026-07-07T04:58:30.327995Z","level":"warning","event":"The `airflow.decorators.task` attribute is deprecated. Please use `'airflow.sdk.task'`.","category":"UserWarning","filename":"/opt/airflow/dags/6_conditional_dag.py","lineno":2,"logger":"py.warnings"}
{"timestamp":"2026-07-07T04:58:30.328171Z","level":"warning","event":"The `airflow.operators.python.BranchPythonOperator` attribute is deprecated. Please use `'airflow.providers.standard.operators.python.BranchPythonOperator'`.","category":"UserWarning","filename":"/opt/airflow/dags/6_conditional_dag.py","lineno":3,"logger":"py.warnings"}
{"timestamp":"2026-07-07T04:58:30.328243Z","level":"warning","event":"The `airflow.operators.empty.EmptyOperator` attribute is deprecated. Please use `'airflow.providers.standard.operators.empty.EmptyOperator'`.","category":"UserWarning","filename":"/opt/airflow/dags/6_conditional_dag.py","lineno":4,"logger":"py.warnings"}
{"timestamp":"2026-07-07T04:59:01.798652Z","level":"info","event":"Filling up the DagBag from /opt/airflow/dags/6_conditional_dag.py","logger":"airflow.dag_processing.dagbag.BundleDagBag","filename":"dagbag.py","lineno":469}
{"timestamp":"2026-07-07T04:59:01.842067Z","level":"warning","event":"The `airflow.decorators.task` attribute is deprecated. Please use `'airflow.sdk.task'`.","category":"UserWarning","filename":"/opt/airflow/dags/6_conditional_dag.py","lineno":2,"logger":"py.warnings"}
{"timestamp":"2026-07-07T04:59:01.842252Z","level":"warning","event":"The `airflow.operators.python.BranchPythonOperator` attribute is deprecated. Please use `'airflow.providers.standard.operators.python.BranchPythonOperator'`.","category":"UserWarning","filename":"/opt/airflow/dags/6_conditional_dag.py","lineno":3,"logger":"py.warnings"}
{"timestamp":"2026-07-07T04:59:01.842317Z","level":"warning","event":"The `airflow.operators.empty.EmptyOperator` attribute is deprecated. Please use `'airflow.providers.standard.operators.empty.EmptyOperator'`.","category":"UserWarning","filename":"/opt/airflow/dags/6_conditional_dag.py","lineno":4,"logger":"py.warnings"}
{"timestamp":"2026-07-07T04:59:33.269891Z","level":"info","event":"Filling up the DagBag from /opt/airflow/dags/6_conditional_dag.py","logger":"airflow.dag_processing.dagbag.BundleDagBag","filename":"dagbag.py","lineno":469}
{"timestamp":"2026-07-07T04:59:33.308108Z","level":"warning","event":"The `airflow.decorators.task` attribute is deprecated. Please use `'airflow.sdk.task'`.","category":"UserWarning","filename":"/opt/airflow/dags/6_conditional_dag.py","lineno":2,"logger":"py.warnings"}
{"timestamp":"2026-07-07T04:59:33.308261Z","level":"warning","event":"The `airflow.operators.python.BranchPythonOperator` attribute is deprecated. Please use `'airflow.providers.standard.operators.python.BranchPythonOperator'`.","category":"UserWarning","filename":"/opt/airflow/dags/6_conditional_dag.py","lineno":3,"logger":"py.warnings"}
{"timestamp":"2026-07-07T04:59:33.308339Z","level":"warning","event":"The `airflow.operators.empty.EmptyOperator` attribute is deprecated. Please use `'airflow.providers.standard.operators.empty.EmptyOperator'`.","category":"UserWarning","filename":"/opt/airflow/dags/6_conditional_dag.py","lineno":4,"logger":"py.warnings"}
{"timestamp":"2026-07-07T05:00:04.841183Z","level":"info","event":"Filling up the DagBag from /opt/airflow/dags/6_conditional_dag.py","logger":"airflow.dag_processing.dagbag.BundleDagBag","filename":"dagbag.py","lineno":469}
{"timestamp":"2026-07-07T05:00:04.879432Z","level":"warning","event":"The `airflow.decorators.task` attribute is deprecated. Please use `'airflow.sdk.task'`.","category":"UserWarning","filename":"/opt/airflow/dags/6_conditional_dag.py","lineno":2,"logger":"py.warnings"}
{"timestamp":"2026-07-07T05:00:04.879605Z","level":"warning","event":"The `airflow.operators.python.BranchPythonOperator` attribute is deprecated. Please use `'airflow.providers.standard.operators.python.BranchPythonOperator'`.","category":"UserWarning","filename":"/opt/airflow/dags/6_conditional_dag.py","lineno":3,"logger":"py.warnings"}
{"timestamp":"2026-07-07T05:00:04.879671Z","level":"warning","event":"The `airflow.operators.empty.EmptyOperator` attribute is deprecated. Please use `'airflow.providers.standard.operators.empty.EmptyOperator'`.","category":"UserWarning","filename":"/opt/airflow/dags/6_conditional_dag.py","lineno":4,"logger":"py.warnings"}
{"timestamp":"2026-07-07T05:00:36.239364Z","level":"info","event":"Filling up the DagBag from /opt/airflow/dags/6_conditional_dag.py","logger":"airflow.dag_processing.dagbag.BundleDagBag","filename":"dagbag.py","lineno":469}
{"timestamp":"2026-07-07T05:00:36.279416Z","level":"warning","event":"The `airflow.decorators.task` attribute is deprecated. Please use `'airflow.sdk.task'`.","category":"UserWarning","filename":"/opt/airflow/dags/6_conditional_dag.py","lineno":2,"logger":"py.warnings"}
{"timestamp":"2026-07-07T05:00:36.279564Z","level":"warning","event":"The `airflow.operators.python.BranchPythonOperator` attribute is deprecated. Please use `'airflow.providers.standard.operators.python.BranchPythonOperator'`.","category":"UserWarning","filename":"/opt/airflow/dags/6_conditional_dag.py","lineno":3,"logger":"py.warnings"}
{"timestamp":"2026-07-07T05:00:36.279638Z","level":"warning","event":"The `airflow.operators.empty.EmptyOperator` attribute is deprecated. Please use `'airflow.providers.standard.operators.empty.EmptyOperator'`.","category":"UserWarning","filename":"/opt/airflow/dags/6_conditional_dag.py","lineno":4,"logger":"py.warnings"}
{"timestamp":"2026-07-07T05:01:07.887077Z","level":"info","event":"Filling up the DagBag from /opt/airflow/dags/6_conditional_dag.py","logger":"airflow.dag_processing.dagbag.BundleDagBag","filename":"dagbag.py","lineno":469}
{"timestamp":"2026-07-07T05:01:07.925845Z","level":"warning","event":"The `airflow.decorators.task` attribute is deprecated. Please use `'airflow.sdk.task'`.","category":"UserWarning","filename":"/opt/airflow/dags/6_conditional_dag.py","lineno":2,"logger":"py.warnings"}
{"timestamp":"2026-07-07T05:01:07.926009Z","level":"warning","event":"The `airflow.operators.python.BranchPythonOperator` attribute is deprecated. Please use `'airflow.providers.standard.operators.python.BranchPythonOperator'`.","category":"UserWarning","filename":"/opt/airflow/dags/6_conditional_dag.py","lineno":3,"logger":"py.warnings"}
{"timestamp":"2026-07-07T05:01:07.926092Z","level":"warning","event":"The `airflow.operators.empty.EmptyOperator` attribute is deprecated. Please use `'airflow.providers.standard.operators.empty.EmptyOperator'`.","category":"UserWarning","filename":"/opt/airflow/dags/6_conditional_dag.py","lineno":4,"logger":"py.warnings"}
{"timestamp":"2026-07-07T05:01:39.282214Z","level":"info","event":"Filling up the DagBag from /opt/airflow/dags/6_conditional_dag.py","logger":"airflow.dag_processing.dagbag.BundleDagBag","filename":"dagbag.py","lineno":469}
{"timestamp":"2026-07-07T05:01:39.323790Z","level":"warning","event":"The `airflow.decorators.task` attribute is deprecated. Please use `'airflow.sdk.task'`.","category":"UserWarning","filename":"/opt/airflow/dags/6_conditional_dag.py","lineno":2,"logger":"py.warnings"}
{"timestamp":"2026-07-07T05:01:39.323946Z","level":"warning","event":"The `airflow.operators.python.BranchPythonOperator` attribute is deprecated. Please use `'airflow.providers.standard.operators.python.BranchPythonOperator'`.","category":"UserWarning","filename":"/opt/airflow/dags/6_conditional_dag.py","lineno":3,"logger":"py.warnings"}
{"timestamp":"2026-07-07T05:01:39.324010Z","level":"warning","event":"The `airflow.operators.empty.EmptyOperator` attribute is deprecated. Please use `'airflow.providers.standard.operators.empty.EmptyOperator'`.","category":"UserWarning","filename":"/opt/airflow/dags/6_conditional_dag.py","lineno":4,"logger":"py.warnings"}
{"timestamp":"2026-07-07T05:02:10.798399Z","level":"info","event":"Filling up the DagBag from /opt/airflow/dags/6_conditional_dag.py","logger":"airflow.dag_processing.dagbag.BundleDagBag","filename":"dagbag.py","lineno":469}
{"timestamp":"2026-07-07T05:02:10.837492Z","level":"warning","event":"The `airflow.decorators.task` attribute is deprecated. Please use `'airflow.sdk.task'`.","category":"UserWarning","filename":"/opt/airflow/dags/6_conditional_dag.py","lineno":2,"logger":"py.warnings"}
{"timestamp":"2026-07-07T05:02:10.837674Z","level":"warning","event":"The `airflow.operators.python.BranchPythonOperator` attribute is deprecated. Please use `'airflow.providers.standard.operators.python.BranchPythonOperator'`.","category":"UserWarning","filename":"/opt/airflow/dags/6_conditional_dag.py","lineno":3,"logger":"py.warnings"}
{"timestamp":"2026-07-07T05:02:10.837745Z","level":"warning","event":"The `airflow.operators.empty.EmptyOperator` attribute is deprecated. Please use `'airflow.providers.standard.operators.empty.EmptyOperator'`.","category":"UserWarning","filename":"/opt/airflow/dags/6_conditional_dag.py","lineno":4,"logger":"py.warnings"}
{"timestamp":"2026-07-07T05:02:42.314075Z","level":"info","event":"Filling up the DagBag from /opt/airflow/dags/6_conditional_dag.py","logger":"airflow.dag_processing.dagbag.BundleDagBag","filename":"dagbag.py","lineno":469}
{"timestamp":"2026-07-07T05:02:42.370052Z","level":"warning","event":"The `airflow.decorators.task` attribute is deprecated. Please use `'airflow.sdk.task'`.","category":"UserWarning","filename":"/opt/airflow/dags/6_conditional_dag.py","lineno":2,"logger":"py.warnings"}
{"timestamp":"2026-07-07T05:02:42.370272Z","level":"warning","event":"The `airflow.operators.python.BranchPythonOperator` attribute is deprecated. Please use `'airflow.providers.standard.operators.python.BranchPythonOperator'`.","category":"UserWarning","filename":"/opt/airflow/dags/6_conditional_dag.py","lineno":3,"logger":"py.warnings"}
{"timestamp":"2026-07-07T05:02:42.370377Z","level":"warning","event":"The `airflow.operators.empty.EmptyOperator` attribute is deprecated. Please use `'airflow.providers.standard.operators.empty.EmptyOperator'`.","category":"UserWarning","filename":"/opt/airflow/dags/6_conditional_dag.py","lineno":4,"logger":"py.warnings"}
{"timestamp":"2026-07-07T05:03:14.034804Z","level":"info","event":"Filling up the DagBag from /opt/airflow/dags/6_conditional_dag.py","logger":"airflow.dag_processing.dagbag.BundleDagBag","filename":"dagbag.py","lineno":469}
{"timestamp":"2026-07-07T05:03:14.077021Z","level":"warning","event":"The `airflow.decorators.task` attribute is deprecated. Please use `'airflow.sdk.task'`.","category":"UserWarning","filename":"/opt/airflow/dags/6_conditional_dag.py","lineno":2,"logger":"py.warnings"}
{"timestamp":"2026-07-07T05:03:14.077197Z","level":"warning","event":"The `airflow.operators.python.BranchPythonOperator` attribute is deprecated. Please use `'airflow.providers.standard.operators.python.BranchPythonOperator'`.","category":"UserWarning","filename":"/opt/airflow/dags/6_conditional_dag.py","lineno":3,"logger":"py.warnings"}
{"timestamp":"2026-07-07T05:03:14.077274Z","level":"warning","event":"The `airflow.operators.empty.EmptyOperator` attribute is deprecated. Please use `'airflow.providers.standard.operators.empty.EmptyOperator'`.","category":"UserWarning","filename":"/opt/airflow/dags/6_conditional_dag.py","lineno":4,"logger":"py.warnings"}
{"timestamp":"2026-07-07T05:03:45.496479Z","level":"info","event":"Filling up the DagBag from /opt/airflow/dags/6_conditional_dag.py","logger":"airflow.dag_processing.dagbag.BundleDagBag","filename":"dagbag.py","lineno":469}
{"timestamp":"2026-07-07T05:03:45.547595Z","level":"warning","event":"The `airflow.decorators.task` attribute is deprecated. Please use `'airflow.sdk.task'`.","category":"UserWarning","filename":"/opt/airflow/dags/6_conditional_dag.py","lineno":2,"logger":"py.warnings"}
{"timestamp":"2026-07-07T05:03:45.547898Z","level":"warning","event":"The `airflow.operators.python.BranchPythonOperator` attribute is deprecated. Please use `'airflow.providers.standard.operators.python.BranchPythonOperator'`.","category":"UserWarning","filename":"/opt/airflow/dags/6_conditional_dag.py","lineno":3,"logger":"py.warnings"}
{"timestamp":"2026-07-07T05:03:45.548029Z","level":"warning","event":"The `airflow.operators.empty.EmptyOperator` attribute is deprecated. Please use `'airflow.providers.standard.operators.empty.EmptyOperator'`.","category":"UserWarning","filename":"/opt/airflow/dags/6_conditional_dag.py","lineno":4,"logger":"py.warnings"}
{"timestamp":"2026-07-07T05:04:17.156013Z","level":"info","event":"Filling up the DagBag from /opt/airflow/dags/6_conditional_dag.py","logger":"airflow.dag_processing.dagbag.BundleDagBag","filename":"dagbag.py","lineno":469}
{"timestamp":"2026-07-07T05:04:17.195684Z","level":"warning","event":"The `airflow.decorators.task` attribute is deprecated. Please use `'airflow.sdk.task'`.","category":"UserWarning","filename":"/opt/airflow/dags/6_conditional_dag.py","lineno":2,"logger":"py.warnings"}
{"timestamp":"2026-07-07T05:04:17.195845Z","level":"warning","event":"The `airflow.operators.python.BranchPythonOperator` attribute is deprecated. Please use `'airflow.providers.standard.operators.python.BranchPythonOperator'`.","category":"UserWarning","filename":"/opt/airflow/dags/6_conditional_dag.py","lineno":3,"logger":"py.warnings"}
{"timestamp":"2026-07-07T05:04:17.195907Z","level":"warning","event":"The `airflow.operators.empty.EmptyOperator` attribute is deprecated. Please use `'airflow.providers.standard.operators.empty.EmptyOperator'`.","category":"UserWarning","filename":"/opt/airflow/dags/6_conditional_dag.py","lineno":4,"logger":"py.warnings"}
{"timestamp":"2026-07-07T05:04:48.819877Z","level":"info","event":"Filling up the DagBag from /opt/airflow/dags/6_conditional_dag.py","logger":"airflow.dag_processing.dagbag.BundleDagBag","filename":"dagbag.py","lineno":469}
{"timestamp":"2026-07-07T05:04:48.859448Z","level":"warning","event":"The `airflow.decorators.task` attribute is deprecated. Please use `'airflow.sdk.task'`.","category":"UserWarning","filename":"/opt/airflow/dags/6_conditional_dag.py","lineno":2,"logger":"py.warnings"}
{"timestamp":"2026-07-07T05:04:48.859629Z","level":"warning","event":"The `airflow.operators.python.BranchPythonOperator` attribute is deprecated. Please use `'airflow.providers.standard.operators.python.BranchPythonOperator'`.","category":"UserWarning","filename":"/opt/airflow/dags/6_conditional_dag.py","lineno":3,"logger":"py.warnings"}
{"timestamp":"2026-07-07T05:04:48.859705Z","level":"warning","event":"The `airflow.operators.empty.EmptyOperator` attribute is deprecated. Please use `'airflow.providers.standard.operators.empty.EmptyOperator'`.","category":"UserWarning","filename":"/opt/airflow/dags/6_conditional_dag.py","lineno":4,"logger":"py.warnings"}
{"timestamp":"2026-07-07T05:05:20.522508Z","level":"info","event":"Filling up the DagBag from /opt/airflow/dags/6_conditional_dag.py","logger":"airflow.dag_processing.dagbag.BundleDagBag","filename":"dagbag.py","lineno":469}
{"timestamp":"2026-07-07T05:05:20.579339Z","level":"warning","event":"The `airflow.decorators.task` attribute is deprecated. Please use `'airflow.sdk.task'`.","category":"UserWarning","filename":"/opt/airflow/dags/6_conditional_dag.py","lineno":2,"logger":"py.warnings"}
{"timestamp":"2026-07-07T05:05:20.579506Z","level":"warning","event":"The `airflow.operators.python.BranchPythonOperator` attribute is deprecated. Please use `'airflow.providers.standard.operators.python.BranchPythonOperator'`.","category":"UserWarning","filename":"/opt/airflow/dags/6_conditional_dag.py","lineno":3,"logger":"py.warnings"}
{"timestamp":"2026-07-07T05:05:20.579590Z","level":"warning","event":"The `airflow.operators.empty.EmptyOperator` attribute is deprecated. Please use `'airflow.providers.standard.operators.empty.EmptyOperator'`.","category":"UserWarning","filename":"/opt/airflow/dags/6_conditional_dag.py","lineno":4,"logger":"py.warnings"}
{"timestamp":"2026-07-07T05:05:52.127603Z","level":"info","event":"Filling up the DagBag from /opt/airflow/dags/6_conditional_dag.py","logger":"airflow.dag_processing.dagbag.BundleDagBag","filename":"dagbag.py","lineno":469}
{"timestamp":"2026-07-07T05:05:52.174224Z","level":"warning","event":"The `airflow.decorators.task` attribute is deprecated. Please use `'airflow.sdk.task'`.","category":"UserWarning","filename":"/opt/airflow/dags/6_conditional_dag.py","lineno":2,"logger":"py.warnings"}
{"timestamp":"2026-07-07T05:05:52.174389Z","level":"warning","event":"The `airflow.operators.python.BranchPythonOperator` attribute is deprecated. Please use `'airflow.providers.standard.operators.python.BranchPythonOperator'`.","category":"UserWarning","filename":"/opt/airflow/dags/6_conditional_dag.py","lineno":3,"logger":"py.warnings"}
{"timestamp":"2026-07-07T05:05:52.174452Z","level":"warning","event":"The `airflow.operators.empty.EmptyOperator` attribute is deprecated. Please use `'airflow.providers.standard.operators.empty.EmptyOperator'`.","category":"UserWarning","filename":"/opt/airflow/dags/6_conditional_dag.py","lineno":4,"logger":"py.warnings"}
{"timestamp":"2026-07-07T05:06:23.672961Z","level":"info","event":"Filling up the DagBag from /opt/airflow/dags/6_conditional_dag.py","logger":"airflow.dag_processing.dagbag.BundleDagBag","filename":"dagbag.py","lineno":469}
{"timestamp":"2026-07-07T05:06:23.715739Z","level":"warning","event":"The `airflow.decorators.task` attribute is deprecated. Please use `'airflow.sdk.task'`.","category":"UserWarning","filename":"/opt/airflow/dags/6_conditional_dag.py","lineno":2,"logger":"py.warnings"}
{"timestamp":"2026-07-07T05:06:23.715927Z","level":"warning","event":"The `airflow.operators.python.BranchPythonOperator` attribute is deprecated. Please use `'airflow.providers.standard.operators.python.BranchPythonOperator'`.","category":"UserWarning","filename":"/opt/airflow/dags/6_conditional_dag.py","lineno":3,"logger":"py.warnings"}
{"timestamp":"2026-07-07T05:06:23.715988Z","level":"warning","event":"The `airflow.operators.empty.EmptyOperator` attribute is deprecated. Please use `'airflow.providers.standard.operators.empty.EmptyOperator'`.","category":"UserWarning","filename":"/opt/airflow/dags/6_conditional_dag.py","lineno":4,"logger":"py.warnings"}
{"timestamp":"2026-07-07T05:06:55.561974Z","level":"info","event":"Filling up the DagBag from /opt/airflow/dags/6_conditional_dag.py","logger":"airflow.dag_processing.dagbag.BundleDagBag","filename":"dagbag.py","lineno":469}
{"timestamp":"2026-07-07T05:06:55.619840Z","level":"warning","event":"The `airflow.decorators.task` attribute is deprecated. Please use `'airflow.sdk.task'`.","category":"UserWarning","filename":"/opt/airflow/dags/6_conditional_dag.py","lineno":2,"logger":"py.warnings"}
{"timestamp":"2026-07-07T05:06:55.620056Z","level":"warning","event":"The `airflow.operators.python.BranchPythonOperator` attribute is deprecated. Please use `'airflow.providers.standard.operators.python.BranchPythonOperator'`.","category":"UserWarning","filename":"/opt/airflow/dags/6_conditional_dag.py","lineno":3,"logger":"py.warnings"}
{"timestamp":"2026-07-07T05:06:55.620197Z","level":"warning","event":"The `airflow.operators.empty.EmptyOperator` attribute is deprecated. Please use `'airflow.providers.standard.operators.empty.EmptyOperator'`.","category":"UserWarning","filename":"/opt/airflow/dags/6_conditional_dag.py","lineno":4,"logger":"py.warnings"}
{"timestamp":"2026-07-07T09:23:20.745537Z","level":"info","event":"Filling up the DagBag from /opt/airflow/dags/6_conditional_dag.py","logger":"airflow.dag_processing.dagbag.BundleDagBag","filename":"dagbag.py","lineno":469}
{"timestamp":"2026-07-07T09:23:20.836730Z","level":"warning","event":"The `airflow.decorators.task` attribute is deprecated. Please use `'airflow.sdk.task'`.","category":"UserWarning","filename":"/opt/airflow/dags/6_conditional_dag.py","lineno":2,"logger":"py.warnings"}
{"timestamp":"2026-07-07T09:23:20.836902Z","level":"warning","event":"The `airflow.operators.python.BranchPythonOperator` attribute is deprecated. Please use `'airflow.providers.standard.operators.python.BranchPythonOperator'`.","category":"UserWarning","filename":"/opt/airflow/dags/6_conditional_dag.py","lineno":3,"logger":"py.warnings"}
{"timestamp":"2026-07-07T09:23:20.837001Z","level":"warning","event":"The `airflow.operators.empty.EmptyOperator` attribute is deprecated. Please use `'airflow.providers.standard.operators.empty.EmptyOperator'`.","category":"UserWarning","filename":"/opt/airflow/dags/6_conditional_dag.py","lineno":4,"logger":"py.warnings"}
{"timestamp":"2026-07-07T09:23:51.228485Z","level":"info","event":"Filling up the DagBag from /opt/airflow/dags/6_conditional_dag.py","logger":"airflow.dag_processing.dagbag.BundleDagBag","filename":"dagbag.py","lineno":469}
{"timestamp":"2026-07-07T09:23:51.436940Z","level":"warning","event":"The `airflow.decorators.task` attribute is deprecated. Please use `'airflow.sdk.task'`.","category":"UserWarning","filename":"/opt/airflow/dags/6_conditional_dag.py","lineno":2,"logger":"py.warnings"}
{"timestamp":"2026-07-07T09:23:51.438253Z","level":"warning","event":"The `airflow.operators.python.BranchPythonOperator` attribute is deprecated. Please use `'airflow.providers.standard.operators.python.BranchPythonOperator'`.","category":"UserWarning","filename":"/opt/airflow/dags/6_conditional_dag.py","lineno":3,"logger":"py.warnings"}
{"timestamp":"2026-07-07T09:23:51.439500Z","level":"warning","event":"The `airflow.operators.empty.EmptyOperator` attribute is deprecated. Please use `'airflow.providers.standard.operators.empty.EmptyOperator'`.","category":"UserWarning","filename":"/opt/airflow/dags/6_conditional_dag.py","lineno":4,"logger":"py.warnings"}
{"timestamp":"2026-07-07T09:24:21.573699Z","level":"info","event":"Filling up the DagBag from /opt/airflow/dags/6_conditional_dag.py","logger":"airflow.dag_processing.dagbag.BundleDagBag","filename":"dagbag.py","lineno":469}
{"timestamp":"2026-07-07T09:24:21.619464Z","level":"warning","event":"The `airflow.decorators.task` attribute is deprecated. Please use `'airflow.sdk.task'`.","category":"UserWarning","filename":"/opt/airflow/dags/6_conditional_dag.py","lineno":2,"logger":"py.warnings"}
{"timestamp":"2026-07-07T09:24:21.619626Z","level":"warning","event":"The `airflow.operators.python.BranchPythonOperator` attribute is deprecated. Please use `'airflow.providers.standard.operators.python.BranchPythonOperator'`.","category":"UserWarning","filename":"/opt/airflow/dags/6_conditional_dag.py","lineno":3,"logger":"py.warnings"}
{"timestamp":"2026-07-07T09:24:21.619691Z","level":"warning","event":"The `airflow.operators.empty.EmptyOperator` attribute is deprecated. Please use `'airflow.providers.standard.operators.empty.EmptyOperator'`.","category":"UserWarning","filename":"/opt/airflow/dags/6_conditional_dag.py","lineno":4,"logger":"py.warnings"}
{"timestamp":"2026-07-07T09:24:51.736542Z","level":"info","event":"Filling up the DagBag from /opt/airflow/dags/6_conditional_dag.py","logger":"airflow.dag_processing.dagbag.BundleDagBag","filename":"dagbag.py","lineno":469}
{"timestamp":"2026-07-07T09:24:51.797642Z","level":"warning","event":"The `airflow.decorators.task` attribute is deprecated. Please use `'airflow.sdk.task'`.","category":"UserWarning","filename":"/opt/airflow/dags/6_conditional_dag.py","lineno":2,"logger":"py.warnings"}
{"timestamp":"2026-07-07T09:24:51.797885Z","level":"warning","event":"The `airflow.operators.python.BranchPythonOperator` attribute is deprecated. Please use `'airflow.providers.standard.operators.python.BranchPythonOperator'`.","category":"UserWarning","filename":"/opt/airflow/dags/6_conditional_dag.py","lineno":3,"logger":"py.warnings"}
{"timestamp":"2026-07-07T09:24:51.798006Z","level":"warning","event":"The `airflow.operators.empty.EmptyOperator` attribute is deprecated. Please use `'airflow.providers.standard.operators.empty.EmptyOperator'`.","category":"UserWarning","filename":"/opt/airflow/dags/6_conditional_dag.py","lineno":4,"logger":"py.warnings"}
{"timestamp":"2026-07-07T09:25:21.931501Z","level":"info","event":"Filling up the DagBag from /opt/airflow/dags/6_conditional_dag.py","logger":"airflow.dag_processing.dagbag.BundleDagBag","filename":"dagbag.py","lineno":469}
{"timestamp":"2026-07-07T09:25:21.997398Z","level":"warning","event":"The `airflow.decorators.task` attribute is deprecated. Please use `'airflow.sdk.task'`.","category":"UserWarning","filename":"/opt/airflow/dags/6_conditional_dag.py","lineno":2,"logger":"py.warnings"}
{"timestamp":"2026-07-07T09:25:21.997707Z","level":"warning","event":"The `airflow.operators.python.BranchPythonOperator` attribute is deprecated. Please use `'airflow.providers.standard.operators.python.BranchPythonOperator'`.","category":"UserWarning","filename":"/opt/airflow/dags/6_conditional_dag.py","lineno":3,"logger":"py.warnings"}
{"timestamp":"2026-07-07T09:25:21.997856Z","level":"warning","event":"The `airflow.operators.empty.EmptyOperator` attribute is deprecated. Please use `'airflow.providers.standard.operators.empty.EmptyOperator'`.","category":"UserWarning","filename":"/opt/airflow/dags/6_conditional_dag.py","lineno":4,"logger":"py.warnings"}
{"timestamp":"2026-07-07T09:25:52.164182Z","level":"info","event":"Filling up the DagBag from /opt/airflow/dags/6_conditional_dag.py","logger":"airflow.dag_processing.dagbag.BundleDagBag","filename":"dagbag.py","lineno":469}
{"timestamp":"2026-07-07T09:25:52.245981Z","level":"warning","event":"The `airflow.decorators.task` attribute is deprecated. Please use `'airflow.sdk.task'`.","category":"UserWarning","filename":"/opt/airflow/dags/6_conditional_dag.py","lineno":2,"logger":"py.warnings"}
{"timestamp":"2026-07-07T09:25:52.246744Z","level":"warning","event":"The `airflow.operators.python.BranchPythonOperator` attribute is deprecated. Please use `'airflow.providers.standard.operators.python.BranchPythonOperator'`.","category":"UserWarning","filename":"/opt/airflow/dags/6_conditional_dag.py","lineno":3,"logger":"py.warnings"}
{"timestamp":"2026-07-07T09:25:52.246991Z","level":"warning","event":"The `airflow.operators.empty.EmptyOperator` attribute is deprecated. Please use `'airflow.providers.standard.operators.empty.EmptyOperator'`.","category":"UserWarning","filename":"/opt/airflow/dags/6_conditional_dag.py","lineno":4,"logger":"py.warnings"}
{"timestamp":"2026-07-07T09:26:22.896585Z","level":"info","event":"Filling up the DagBag from /opt/airflow/dags/6_conditional_dag.py","logger":"airflow.dag_processing.dagbag.BundleDagBag","filename":"dagbag.py","lineno":469}
{"timestamp":"2026-07-07T09:26:22.946284Z","level":"warning","event":"The `airflow.decorators.task` attribute is deprecated. Please use `'airflow.sdk.task'`.","category":"UserWarning","filename":"/opt/airflow/dags/6_conditional_dag.py","lineno":2,"logger":"py.warnings"}
{"timestamp":"2026-07-07T09:26:22.946450Z","level":"warning","event":"The `airflow.operators.python.BranchPythonOperator` attribute is deprecated. Please use `'airflow.providers.standard.operators.python.BranchPythonOperator'`.","category":"UserWarning","filename":"/opt/airflow/dags/6_conditional_dag.py","lineno":3,"logger":"py.warnings"}
{"timestamp":"2026-07-07T09:26:22.946539Z","level":"warning","event":"The `airflow.operators.empty.EmptyOperator` attribute is deprecated. Please use `'airflow.providers.standard.operators.empty.EmptyOperator'`.","category":"UserWarning","filename":"/opt/airflow/dags/6_conditional_dag.py","lineno":4,"logger":"py.warnings"}
{"timestamp":"2026-07-07T09:26:53.522094Z","level":"info","event":"Filling up the DagBag from /opt/airflow/dags/6_conditional_dag.py","logger":"airflow.dag_processing.dagbag.BundleDagBag","filename":"dagbag.py","lineno":469}
{"timestamp":"2026-07-07T09:26:53.576962Z","level":"warning","event":"The `airflow.decorators.task` attribute is deprecated. Please use `'airflow.sdk.task'`.","category":"UserWarning","filename":"/opt/airflow/dags/6_conditional_dag.py","lineno":2,"logger":"py.warnings"}
{"timestamp":"2026-07-07T09:26:53.577133Z","level":"warning","event":"The `airflow.operators.python.BranchPythonOperator` attribute is deprecated. Please use `'airflow.providers.standard.operators.python.BranchPythonOperator'`.","category":"UserWarning","filename":"/opt/airflow/dags/6_conditional_dag.py","lineno":3,"logger":"py.warnings"}
{"timestamp":"2026-07-07T09:26:53.577209Z","level":"warning","event":"The `airflow.operators.empty.EmptyOperator` attribute is deprecated. Please use `'airflow.providers.standard.operators.empty.EmptyOperator'`.","category":"UserWarning","filename":"/opt/airflow/dags/6_conditional_dag.py","lineno":4,"logger":"py.warnings"}
{"timestamp":"2026-07-07T09:27:24.044295Z","level":"info","event":"Filling up the DagBag from /opt/airflow/dags/6_conditional_dag.py","logger":"airflow.dag_processing.dagbag.BundleDagBag","filename":"dagbag.py","lineno":469}
{"timestamp":"2026-07-07T09:27:24.092351Z","level":"warning","event":"The `airflow.decorators.task` attribute is deprecated. Please use `'airflow.sdk.task'`.","category":"UserWarning","filename":"/opt/airflow/dags/6_conditional_dag.py","lineno":2,"logger":"py.warnings"}
{"timestamp":"2026-07-07T09:27:24.092586Z","level":"warning","event":"The `airflow.operators.python.BranchPythonOperator` attribute is deprecated. Please use `'airflow.providers.standard.operators.python.BranchPythonOperator'`.","category":"UserWarning","filename":"/opt/airflow/dags/6_conditional_dag.py","lineno":3,"logger":"py.warnings"}
{"timestamp":"2026-07-07T09:27:24.092700Z","level":"warning","event":"The `airflow.operators.empty.EmptyOperator` attribute is deprecated. Please use `'airflow.providers.standard.operators.empty.EmptyOperator'`.","category":"UserWarning","filename":"/opt/airflow/dags/6_conditional_dag.py","lineno":4,"logger":"py.warnings"}
{"timestamp":"2026-07-07T09:27:54.608746Z","level":"info","event":"Filling up the DagBag from /opt/airflow/dags/6_conditional_dag.py","logger":"airflow.dag_processing.dagbag.BundleDagBag","filename":"dagbag.py","lineno":469}
{"timestamp":"2026-07-07T09:27:54.668437Z","level":"warning","event":"The `airflow.decorators.task` attribute is deprecated. Please use `'airflow.sdk.task'`.","category":"UserWarning","filename":"/opt/airflow/dags/6_conditional_dag.py","lineno":2,"logger":"py.warnings"}
{"timestamp":"2026-07-07T09:27:54.668657Z","level":"warning","event":"The `airflow.operators.python.BranchPythonOperator` attribute is deprecated. Please use `'airflow.providers.standard.operators.python.BranchPythonOperator'`.","category":"UserWarning","filename":"/opt/airflow/dags/6_conditional_dag.py","lineno":3,"logger":"py.warnings"}
{"timestamp":"2026-07-07T09:27:54.668898Z","level":"warning","event":"The `airflow.operators.empty.EmptyOperator` attribute is deprecated. Please use `'airflow.providers.standard.operators.empty.EmptyOperator'`.","category":"UserWarning","filename":"/opt/airflow/dags/6_conditional_dag.py","lineno":4,"logger":"py.warnings"}
{"timestamp":"2026-07-07T09:28:25.299851Z","level":"info","event":"Filling up the DagBag from /opt/airflow/dags/6_conditional_dag.py","logger":"airflow.dag_processing.dagbag.BundleDagBag","filename":"dagbag.py","lineno":469}
{"timestamp":"2026-07-07T09:28:25.377480Z","level":"warning","event":"The `airflow.decorators.task` attribute is deprecated. Please use `'airflow.sdk.task'`.","category":"UserWarning","filename":"/opt/airflow/dags/6_conditional_dag.py","lineno":2,"logger":"py.warnings"}
{"timestamp":"2026-07-07T09:28:25.377784Z","level":"warning","event":"The `airflow.operators.python.BranchPythonOperator` attribute is deprecated. Please use `'airflow.providers.standard.operators.python.BranchPythonOperator'`.","category":"UserWarning","filename":"/opt/airflow/dags/6_conditional_dag.py","lineno":3,"logger":"py.warnings"}
{"timestamp":"2026-07-07T09:28:25.377942Z","level":"warning","event":"The `airflow.operators.empty.EmptyOperator` attribute is deprecated. Please use `'airflow.providers.standard.operators.empty.EmptyOperator'`.","category":"UserWarning","filename":"/opt/airflow/dags/6_conditional_dag.py","lineno":4,"logger":"py.warnings"}
{"timestamp":"2026-07-07T09:28:55.855621Z","level":"info","event":"Filling up the DagBag from /opt/airflow/dags/6_conditional_dag.py","logger":"airflow.dag_processing.dagbag.BundleDagBag","filename":"dagbag.py","lineno":469}
{"timestamp":"2026-07-07T09:28:55.933170Z","level":"warning","event":"The `airflow.decorators.task` attribute is deprecated. Please use `'airflow.sdk.task'`.","category":"UserWarning","filename":"/opt/airflow/dags/6_conditional_dag.py","lineno":2,"logger":"py.warnings"}
{"timestamp":"2026-07-07T09:28:55.933376Z","level":"warning","event":"The `airflow.operators.python.BranchPythonOperator` attribute is deprecated. Please use `'airflow.providers.standard.operators.python.BranchPythonOperator'`.","category":"UserWarning","filename":"/opt/airflow/dags/6_conditional_dag.py","lineno":3,"logger":"py.warnings"}
{"timestamp":"2026-07-07T09:28:55.933465Z","level":"warning","event":"The `airflow.operators.empty.EmptyOperator` attribute is deprecated. Please use `'airflow.providers.standard.operators.empty.EmptyOperator'`.","category":"UserWarning","filename":"/opt/airflow/dags/6_conditional_dag.py","lineno":4,"logger":"py.warnings"}
{"timestamp":"2026-07-07T09:29:26.511820Z","level":"info","event":"Filling up the DagBag from /opt/airflow/dags/6_conditional_dag.py","logger":"airflow.dag_processing.dagbag.BundleDagBag","filename":"dagbag.py","lineno":469}
{"timestamp":"2026-07-07T09:29:26.561665Z","level":"warning","event":"The `airflow.decorators.task` attribute is deprecated. Please use `'airflow.sdk.task'`.","category":"UserWarning","filename":"/opt/airflow/dags/6_conditional_dag.py","lineno":2,"logger":"py.warnings"}
{"timestamp":"2026-07-07T09:29:26.561867Z","level":"warning","event":"The `airflow.operators.python.BranchPythonOperator` attribute is deprecated. Please use `'airflow.providers.standard.operators.python.BranchPythonOperator'`.","category":"UserWarning","filename":"/opt/airflow/dags/6_conditional_dag.py","lineno":3,"logger":"py.warnings"}
{"timestamp":"2026-07-07T09:29:26.561967Z","level":"warning","event":"The `airflow.operators.empty.EmptyOperator` attribute is deprecated. Please use `'airflow.providers.standard.operators.empty.EmptyOperator'`.","category":"UserWarning","filename":"/opt/airflow/dags/6_conditional_dag.py","lineno":4,"logger":"py.warnings"}
{"timestamp":"2026-07-07T09:29:57.155805Z","level":"info","event":"Filling up the DagBag from /opt/airflow/dags/6_conditional_dag.py","logger":"airflow.dag_processing.dagbag.BundleDagBag","filename":"dagbag.py","lineno":469}
{"timestamp":"2026-07-07T09:29:57.215909Z","level":"warning","event":"The `airflow.decorators.task` attribute is deprecated. Please use `'airflow.sdk.task'`.","category":"UserWarning","filename":"/opt/airflow/dags/6_conditional_dag.py","lineno":2,"logger":"py.warnings"}
{"timestamp":"2026-07-07T09:29:57.216246Z","level":"warning","event":"The `airflow.operators.python.BranchPythonOperator` attribute is deprecated. Please use `'airflow.providers.standard.operators.python.BranchPythonOperator'`.","category":"UserWarning","filename":"/opt/airflow/dags/6_conditional_dag.py","lineno":3,"logger":"py.warnings"}
{"timestamp":"2026-07-07T09:29:57.216413Z","level":"warning","event":"The `airflow.operators.empty.EmptyOperator` attribute is deprecated. Please use `'airflow.providers.standard.operators.empty.EmptyOperator'`.","category":"UserWarning","filename":"/opt/airflow/dags/6_conditional_dag.py","lineno":4,"logger":"py.warnings"}
{"timestamp":"2026-07-07T09:30:27.754352Z","level":"info","event":"Filling up the DagBag from /opt/airflow/dags/6_conditional_dag.py","logger":"airflow.dag_processing.dagbag.BundleDagBag","filename":"dagbag.py","lineno":469}
{"timestamp":"2026-07-07T09:30:27.823091Z","level":"warning","event":"The `airflow.decorators.task` attribute is deprecated. Please use `'airflow.sdk.task'`.","category":"UserWarning","filename":"/opt/airflow/dags/6_conditional_dag.py","lineno":2,"logger":"py.warnings"}
{"timestamp":"2026-07-07T09:30:27.823288Z","level":"warning","event":"The `airflow.operators.python.BranchPythonOperator` attribute is deprecated. Please use `'airflow.providers.standard.operators.python.BranchPythonOperator'`.","category":"UserWarning","filename":"/opt/airflow/dags/6_conditional_dag.py","lineno":3,"logger":"py.warnings"}
{"timestamp":"2026-07-07T09:30:27.823355Z","level":"warning","event":"The `airflow.operators.empty.EmptyOperator` attribute is deprecated. Please use `'airflow.providers.standard.operators.empty.EmptyOperator'`.","category":"UserWarning","filename":"/opt/airflow/dags/6_conditional_dag.py","lineno":4,"logger":"py.warnings"}
{"timestamp":"2026-07-07T09:30:58.252012Z","level":"info","event":"Filling up the DagBag from /opt/airflow/dags/6_conditional_dag.py","logger":"airflow.dag_processing.dagbag.BundleDagBag","filename":"dagbag.py","lineno":469}
{"timestamp":"2026-07-07T09:30:58.305630Z","level":"warning","event":"The `airflow.decorators.task` attribute is deprecated. Please use `'airflow.sdk.task'`.","category":"UserWarning","filename":"/opt/airflow/dags/6_conditional_dag.py","lineno":2,"logger":"py.warnings"}
{"timestamp":"2026-07-07T09:30:58.305922Z","level":"warning","event":"The `airflow.operators.python.BranchPythonOperator` attribute is deprecated. Please use `'airflow.providers.standard.operators.python.BranchPythonOperator'`.","category":"UserWarning","filename":"/opt/airflow/dags/6_conditional_dag.py","lineno":3,"logger":"py.warnings"}
{"timestamp":"2026-07-07T09:30:58.306034Z","level":"warning","event":"The `airflow.operators.empty.EmptyOperator` attribute is deprecated. Please use `'airflow.providers.standard.operators.empty.EmptyOperator'`.","category":"UserWarning","filename":"/opt/airflow/dags/6_conditional_dag.py","lineno":4,"logger":"py.warnings"}
{"timestamp":"2026-07-07T09:31:28.738535Z","level":"info","event":"Filling up the DagBag from /opt/airflow/dags/6_conditional_dag.py","logger":"airflow.dag_processing.dagbag.BundleDagBag","filename":"dagbag.py","lineno":469}
{"timestamp":"2026-07-07T09:31:28.781289Z","level":"warning","event":"The `airflow.decorators.task` attribute is deprecated. Please use `'airflow.sdk.task'`.","category":"UserWarning","filename":"/opt/airflow/dags/6_conditional_dag.py","lineno":2,"logger":"py.warnings"}
{"timestamp":"2026-07-07T09:31:28.781450Z","level":"warning","event":"The `airflow.operators.python.BranchPythonOperator` attribute is deprecated. Please use `'airflow.providers.standard.operators.python.BranchPythonOperator'`.","category":"UserWarning","filename":"/opt/airflow/dags/6_conditional_dag.py","lineno":3,"logger":"py.warnings"}
{"timestamp":"2026-07-07T09:31:28.781546Z","level":"warning","event":"The `airflow.operators.empty.EmptyOperator` attribute is deprecated. Please use `'airflow.providers.standard.operators.empty.EmptyOperator'`.","category":"UserWarning","filename":"/opt/airflow/dags/6_conditional_dag.py","lineno":4,"logger":"py.warnings"}
{"timestamp":"2026-07-07T09:31:59.090861Z","level":"info","event":"Filling up the DagBag from /opt/airflow/dags/6_conditional_dag.py","logger":"airflow.dag_processing.dagbag.BundleDagBag","filename":"dagbag.py","lineno":469}
{"timestamp":"2026-07-07T09:31:59.139817Z","level":"warning","event":"The `airflow.decorators.task` attribute is deprecated. Please use `'airflow.sdk.task'`.","category":"UserWarning","filename":"/opt/airflow/dags/6_conditional_dag.py","lineno":2,"logger":"py.warnings"}
{"timestamp":"2026-07-07T09:31:59.140003Z","level":"warning","event":"The `airflow.operators.python.BranchPythonOperator` attribute is deprecated. Please use `'airflow.providers.standard.operators.python.BranchPythonOperator'`.","category":"UserWarning","filename":"/opt/airflow/dags/6_conditional_dag.py","lineno":3,"logger":"py.warnings"}
{"timestamp":"2026-07-07T09:31:59.140110Z","level":"warning","event":"The `airflow.operators.empty.EmptyOperator` attribute is deprecated. Please use `'airflow.providers.standard.operators.empty.EmptyOperator'`.","category":"UserWarning","filename":"/opt/airflow/dags/6_conditional_dag.py","lineno":4,"logger":"py.warnings"}
{"timestamp":"2026-07-07T09:32:29.630143Z","level":"info","event":"Filling up the DagBag from /opt/airflow/dags/6_conditional_dag.py","logger":"airflow.dag_processing.dagbag.BundleDagBag","filename":"dagbag.py","lineno":469}
{"timestamp":"2026-07-07T09:32:29.676235Z","level":"warning","event":"The `airflow.decorators.task` attribute is deprecated. Please use `'airflow.sdk.task'`.","category":"UserWarning","filename":"/opt/airflow/dags/6_conditional_dag.py","lineno":2,"logger":"py.warnings"}
{"timestamp":"2026-07-07T09:32:29.676457Z","level":"warning","event":"The `airflow.operators.python.BranchPythonOperator` attribute is deprecated. Please use `'airflow.providers.standard.operators.python.BranchPythonOperator'`.","category":"UserWarning","filename":"/opt/airflow/dags/6_conditional_dag.py","lineno":3,"logger":"py.warnings"}
{"timestamp":"2026-07-07T09:32:29.676546Z","level":"warning","event":"The `airflow.operators.empty.EmptyOperator` attribute is deprecated. Please use `'airflow.providers.standard.operators.empty.EmptyOperator'`.","category":"UserWarning","filename":"/opt/airflow/dags/6_conditional_dag.py","lineno":4,"logger":"py.warnings"}
{"timestamp":"2026-07-07T09:33:00.207259Z","level":"info","event":"Filling up the DagBag from /opt/airflow/dags/6_conditional_dag.py","logger":"airflow.dag_processing.dagbag.BundleDagBag","filename":"dagbag.py","lineno":469}
{"timestamp":"2026-07-07T09:33:00.272928Z","level":"warning","event":"The `airflow.decorators.task` attribute is deprecated. Please use `'airflow.sdk.task'`.","category":"UserWarning","filename":"/opt/airflow/dags/6_conditional_dag.py","lineno":2,"logger":"py.warnings"}
{"timestamp":"2026-07-07T09:33:00.273083Z","level":"warning","event":"The `airflow.operators.python.BranchPythonOperator` attribute is deprecated. Please use `'airflow.providers.standard.operators.python.BranchPythonOperator'`.","category":"UserWarning","filename":"/opt/airflow/dags/6_conditional_dag.py","lineno":3,"logger":"py.warnings"}
{"timestamp":"2026-07-07T09:33:00.273152Z","level":"warning","event":"The `airflow.operators.empty.EmptyOperator` attribute is deprecated. Please use `'airflow.providers.standard.operators.empty.EmptyOperator'`.","category":"UserWarning","filename":"/opt/airflow/dags/6_conditional_dag.py","lineno":4,"logger":"py.warnings"}
{"timestamp":"2026-07-07T09:33:30.891273Z","level":"info","event":"Filling up the DagBag from /opt/airflow/dags/6_conditional_dag.py","logger":"airflow.dag_processing.dagbag.BundleDagBag","filename":"dagbag.py","lineno":469}
{"timestamp":"2026-07-07T09:33:30.942496Z","level":"warning","event":"The `airflow.decorators.task` attribute is deprecated. Please use `'airflow.sdk.task'`.","category":"UserWarning","filename":"/opt/airflow/dags/6_conditional_dag.py","lineno":2,"logger":"py.warnings"}
{"timestamp":"2026-07-07T09:33:30.942951Z","level":"warning","event":"The `airflow.operators.python.BranchPythonOperator` attribute is deprecated. Please use `'airflow.providers.standard.operators.python.BranchPythonOperator'`.","category":"UserWarning","filename":"/opt/airflow/dags/6_conditional_dag.py","lineno":3,"logger":"py.warnings"}
{"timestamp":"2026-07-07T09:33:30.943071Z","level":"warning","event":"The `airflow.operators.empty.EmptyOperator` attribute is deprecated. Please use `'airflow.providers.standard.operators.empty.EmptyOperator'`.","category":"UserWarning","filename":"/opt/airflow/dags/6_conditional_dag.py","lineno":4,"logger":"py.warnings"}
{"timestamp":"2026-07-07T09:34:01.888591Z","level":"info","event":"Filling up the DagBag from /opt/airflow/dags/6_conditional_dag.py","logger":"airflow.dag_processing.dagbag.BundleDagBag","filename":"dagbag.py","lineno":469}
{"timestamp":"2026-07-07T09:34:01.987625Z","level":"warning","event":"The `airflow.decorators.task` attribute is deprecated. Please use `'airflow.sdk.task'`.","category":"UserWarning","filename":"/opt/airflow/dags/6_conditional_dag.py","lineno":2,"logger":"py.warnings"}
{"timestamp":"2026-07-07T09:34:01.987955Z","level":"warning","event":"The `airflow.operators.python.BranchPythonOperator` attribute is deprecated. Please use `'airflow.providers.standard.operators.python.BranchPythonOperator'`.","category":"UserWarning","filename":"/opt/airflow/dags/6_conditional_dag.py","lineno":3,"logger":"py.warnings"}
{"timestamp":"2026-07-07T09:34:01.988118Z","level":"warning","event":"The `airflow.operators.empty.EmptyOperator` attribute is deprecated. Please use `'airflow.providers.standard.operators.empty.EmptyOperator'`.","category":"UserWarning","filename":"/opt/airflow/dags/6_conditional_dag.py","lineno":4,"logger":"py.warnings"}
{"timestamp":"2026-07-07T09:34:32.808256Z","level":"info","event":"Filling up the DagBag from /opt/airflow/dags/6_conditional_dag.py","logger":"airflow.dag_processing.dagbag.BundleDagBag","filename":"dagbag.py","lineno":469}
{"timestamp":"2026-07-07T09:34:32.976326Z","level":"warning","event":"The `airflow.decorators.task` attribute is deprecated. Please use `'airflow.sdk.task'`.","category":"UserWarning","filename":"/opt/airflow/dags/6_conditional_dag.py","lineno":2,"logger":"py.warnings"}
{"timestamp":"2026-07-07T09:34:32.976755Z","level":"warning","event":"The `airflow.operators.python.BranchPythonOperator` attribute is deprecated. Please use `'airflow.providers.standard.operators.python.BranchPythonOperator'`.","category":"UserWarning","filename":"/opt/airflow/dags/6_conditional_dag.py","lineno":3,"logger":"py.warnings"}
{"timestamp":"2026-07-07T09:34:32.977422Z","level":"warning","event":"The `airflow.operators.empty.EmptyOperator` attribute is deprecated. Please use `'airflow.providers.standard.operators.empty.EmptyOperator'`.","category":"UserWarning","filename":"/opt/airflow/dags/6_conditional_dag.py","lineno":4,"logger":"py.warnings"}
{"timestamp":"2026-07-07T09:35:03.553846Z","level":"info","event":"Filling up the DagBag from /opt/airflow/dags/6_conditional_dag.py","logger":"airflow.dag_processing.dagbag.BundleDagBag","filename":"dagbag.py","lineno":469}
{"timestamp":"2026-07-07T09:35:03.598140Z","level":"warning","event":"The `airflow.decorators.task` attribute is deprecated. Please use `'airflow.sdk.task'`.","category":"UserWarning","filename":"/opt/airflow/dags/6_conditional_dag.py","lineno":2,"logger":"py.warnings"}
{"timestamp":"2026-07-07T09:35:03.598310Z","level":"warning","event":"The `airflow.operators.python.BranchPythonOperator` attribute is deprecated. Please use `'airflow.providers.standard.operators.python.BranchPythonOperator'`.","category":"UserWarning","filename":"/opt/airflow/dags/6_conditional_dag.py","lineno":3,"logger":"py.warnings"}
{"timestamp":"2026-07-07T09:35:03.598401Z","level":"warning","event":"The `airflow.operators.empty.EmptyOperator` attribute is deprecated. Please use `'airflow.providers.standard.operators.empty.EmptyOperator'`.","category":"UserWarning","filename":"/opt/airflow/dags/6_conditional_dag.py","lineno":4,"logger":"py.warnings"}
{"timestamp":"2026-07-07T09:35:34.141063Z","level":"info","event":"Filling up the DagBag from /opt/airflow/dags/6_conditional_dag.py","logger":"airflow.dag_processing.dagbag.BundleDagBag","filename":"dagbag.py","lineno":469}
{"timestamp":"2026-07-07T09:35:34.199386Z","level":"warning","event":"The `airflow.decorators.task` attribute is deprecated. Please use `'airflow.sdk.task'`.","category":"UserWarning","filename":"/opt/airflow/dags/6_conditional_dag.py","lineno":2,"logger":"py.warnings"}
{"timestamp":"2026-07-07T09:35:34.199549Z","level":"warning","event":"The `airflow.operators.python.BranchPythonOperator` attribute is deprecated. Please use `'airflow.providers.standard.operators.python.BranchPythonOperator'`.","category":"UserWarning","filename":"/opt/airflow/dags/6_conditional_dag.py","lineno":3,"logger":"py.warnings"}
{"timestamp":"2026-07-07T09:35:34.199617Z","level":"warning","event":"The `airflow.operators.empty.EmptyOperator` attribute is deprecated. Please use `'airflow.providers.standard.operators.empty.EmptyOperator'`.","category":"UserWarning","filename":"/opt/airflow/dags/6_conditional_dag.py","lineno":4,"logger":"py.warnings"}
{"timestamp":"2026-07-07T09:36:04.917761Z","level":"info","event":"Filling up the DagBag from /opt/airflow/dags/6_conditional_dag.py","logger":"airflow.dag_processing.dagbag.BundleDagBag","filename":"dagbag.py","lineno":469}
{"timestamp":"2026-07-07T09:36:05.011809Z","level":"warning","event":"The `airflow.decorators.task` attribute is deprecated. Please use `'airflow.sdk.task'`.","category":"UserWarning","filename":"/opt/airflow/dags/6_conditional_dag.py","lineno":2,"logger":"py.warnings"}
{"timestamp":"2026-07-07T09:36:05.012135Z","level":"warning","event":"The `airflow.operators.python.BranchPythonOperator` attribute is deprecated. Please use `'airflow.providers.standard.operators.python.BranchPythonOperator'`.","category":"UserWarning","filename":"/opt/airflow/dags/6_conditional_dag.py","lineno":3,"logger":"py.warnings"}
{"timestamp":"2026-07-07T09:36:05.012304Z","level":"warning","event":"The `airflow.operators.empty.EmptyOperator` attribute is deprecated. Please use `'airflow.providers.standard.operators.empty.EmptyOperator'`.","category":"UserWarning","filename":"/opt/airflow/dags/6_conditional_dag.py","lineno":4,"logger":"py.warnings"}
{"timestamp":"2026-07-07T09:36:35.752129Z","level":"info","event":"Filling up the DagBag from /opt/airflow/dags/6_conditional_dag.py","logger":"airflow.dag_processing.dagbag.BundleDagBag","filename":"dagbag.py","lineno":469}
{"timestamp":"2026-07-07T09:36:35.800389Z","level":"warning","event":"The `airflow.decorators.task` attribute is deprecated. Please use `'airflow.sdk.task'`.","category":"UserWarning","filename":"/opt/airflow/dags/6_conditional_dag.py","lineno":2,"logger":"py.warnings"}
{"timestamp":"2026-07-07T09:36:35.800618Z","level":"warning","event":"The `airflow.operators.python.BranchPythonOperator` attribute is deprecated. Please use `'airflow.providers.standard.operators.python.BranchPythonOperator'`.","category":"UserWarning","filename":"/opt/airflow/dags/6_conditional_dag.py","lineno":3,"logger":"py.warnings"}
{"timestamp":"2026-07-07T09:36:35.800721Z","level":"warning","event":"The `airflow.operators.empty.EmptyOperator` attribute is deprecated. Please use `'airflow.providers.standard.operators.empty.EmptyOperator'`.","category":"UserWarning","filename":"/opt/airflow/dags/6_conditional_dag.py","lineno":4,"logger":"py.warnings"}
{"timestamp":"2026-07-07T09:37:06.555409Z","level":"info","event":"Filling up the DagBag from /opt/airflow/dags/6_conditional_dag.py","logger":"airflow.dag_processing.dagbag.BundleDagBag","filename":"dagbag.py","lineno":469}
{"timestamp":"2026-07-07T09:37:06.640245Z","level":"warning","event":"The `airflow.decorators.task` attribute is deprecated. Please use `'airflow.sdk.task'`.","category":"UserWarning","filename":"/opt/airflow/dags/6_conditional_dag.py","lineno":2,"logger":"py.warnings"}
{"timestamp":"2026-07-07T09:37:06.640653Z","level":"warning","event":"The `airflow.operators.python.BranchPythonOperator` attribute is deprecated. Please use `'airflow.providers.standard.operators.python.BranchPythonOperator'`.","category":"UserWarning","filename":"/opt/airflow/dags/6_conditional_dag.py","lineno":3,"logger":"py.warnings"}
{"timestamp":"2026-07-07T09:37:06.640738Z","level":"warning","event":"The `airflow.operators.empty.EmptyOperator` attribute is deprecated. Please use `'airflow.providers.standard.operators.empty.EmptyOperator'`.","category":"UserWarning","filename":"/opt/airflow/dags/6_conditional_dag.py","lineno":4,"logger":"py.warnings"}
{"timestamp":"2026-07-07T09:37:37.330204Z","level":"info","event":"Filling up the DagBag from /opt/airflow/dags/6_conditional_dag.py","logger":"airflow.dag_processing.dagbag.BundleDagBag","filename":"dagbag.py","lineno":469}
{"timestamp":"2026-07-07T09:37:37.387562Z","level":"warning","event":"The `airflow.decorators.task` attribute is deprecated. Please use `'airflow.sdk.task'`.","category":"UserWarning","filename":"/opt/airflow/dags/6_conditional_dag.py","lineno":2,"logger":"py.warnings"}
{"timestamp":"2026-07-07T09:37:37.387739Z","level":"warning","event":"The `airflow.operators.python.BranchPythonOperator` attribute is deprecated. Please use `'airflow.providers.standard.operators.python.BranchPythonOperator'`.","category":"UserWarning","filename":"/opt/airflow/dags/6_conditional_dag.py","lineno":3,"logger":"py.warnings"}
{"timestamp":"2026-07-07T09:37:37.387834Z","level":"warning","event":"The `airflow.operators.empty.EmptyOperator` attribute is deprecated. Please use `'airflow.providers.standard.operators.empty.EmptyOperator'`.","category":"UserWarning","filename":"/opt/airflow/dags/6_conditional_dag.py","lineno":4,"logger":"py.warnings"}
{"timestamp":"2026-07-07T09:38:07.971163Z","level":"info","event":"Filling up the DagBag from /opt/airflow/dags/6_conditional_dag.py","logger":"airflow.dag_processing.dagbag.BundleDagBag","filename":"dagbag.py","lineno":469}
{"timestamp":"2026-07-07T09:38:08.037420Z","level":"warning","event":"The `airflow.decorators.task` attribute is deprecated. Please use `'airflow.sdk.task'`.","category":"UserWarning","filename":"/opt/airflow/dags/6_conditional_dag.py","lineno":2,"logger":"py.warnings"}
{"timestamp":"2026-07-07T09:38:08.037685Z","level":"warning","event":"The `airflow.operators.python.BranchPythonOperator` attribute is deprecated. Please use `'airflow.providers.standard.operators.python.BranchPythonOperator'`.","category":"UserWarning","filename":"/opt/airflow/dags/6_conditional_dag.py","lineno":3,"logger":"py.warnings"}
{"timestamp":"2026-07-07T09:38:08.037804Z","level":"warning","event":"The `airflow.operators.empty.EmptyOperator` attribute is deprecated. Please use `'airflow.providers.standard.operators.empty.EmptyOperator'`.","category":"UserWarning","filename":"/opt/airflow/dags/6_conditional_dag.py","lineno":4,"logger":"py.warnings"}
{"timestamp":"2026-07-07T09:38:38.549127Z","level":"info","event":"Filling up the DagBag from /opt/airflow/dags/6_conditional_dag.py","logger":"airflow.dag_processing.dagbag.BundleDagBag","filename":"dagbag.py","lineno":469}
{"timestamp":"2026-07-07T09:38:38.594021Z","level":"warning","event":"The `airflow.decorators.task` attribute is deprecated. Please use `'airflow.sdk.task'`.","category":"UserWarning","filename":"/opt/airflow/dags/6_conditional_dag.py","lineno":2,"logger":"py.warnings"}
{"timestamp":"2026-07-07T09:38:38.594415Z","level":"warning","event":"The `airflow.operators.python.BranchPythonOperator` attribute is deprecated. Please use `'airflow.providers.standard.operators.python.BranchPythonOperator'`.","category":"UserWarning","filename":"/opt/airflow/dags/6_conditional_dag.py","lineno":3,"logger":"py.warnings"}
{"timestamp":"2026-07-07T09:38:38.594526Z","level":"warning","event":"The `airflow.operators.empty.EmptyOperator` attribute is deprecated. Please use `'airflow.providers.standard.operators.empty.EmptyOperator'`.","category":"UserWarning","filename":"/opt/airflow/dags/6_conditional_dag.py","lineno":4,"logger":"py.warnings"}
{"timestamp":"2026-07-07T09:39:09.081602Z","level":"info","event":"Filling up the DagBag from /opt/airflow/dags/6_conditional_dag.py","logger":"airflow.dag_processing.dagbag.BundleDagBag","filename":"dagbag.py","lineno":469}
{"timestamp":"2026-07-07T09:39:09.133024Z","level":"warning","event":"The `airflow.decorators.task` attribute is deprecated. Please use `'airflow.sdk.task'`.","category":"UserWarning","filename":"/opt/airflow/dags/6_conditional_dag.py","lineno":2,"logger":"py.warnings"}
{"timestamp":"2026-07-07T09:39:09.133197Z","level":"warning","event":"The `airflow.operators.python.BranchPythonOperator` attribute is deprecated. Please use `'airflow.providers.standard.operators.python.BranchPythonOperator'`.","category":"UserWarning","filename":"/opt/airflow/dags/6_conditional_dag.py","lineno":3,"logger":"py.warnings"}
{"timestamp":"2026-07-07T09:39:09.133316Z","level":"warning","event":"The `airflow.operators.empty.EmptyOperator` attribute is deprecated. Please use `'airflow.providers.standard.operators.empty.EmptyOperator'`.","category":"UserWarning","filename":"/opt/airflow/dags/6_conditional_dag.py","lineno":4,"logger":"py.warnings"}
{"timestamp":"2026-07-07T09:39:39.705440Z","level":"info","event":"Filling up the DagBag from /opt/airflow/dags/6_conditional_dag.py","logger":"airflow.dag_processing.dagbag.BundleDagBag","filename":"dagbag.py","lineno":469}
{"timestamp":"2026-07-07T09:39:39.772108Z","level":"warning","event":"The `airflow.decorators.task` attribute is deprecated. Please use `'airflow.sdk.task'`.","category":"UserWarning","filename":"/opt/airflow/dags/6_conditional_dag.py","lineno":2,"logger":"py.warnings"}
{"timestamp":"2026-07-07T09:39:39.772296Z","level":"warning","event":"The `airflow.operators.python.BranchPythonOperator` attribute is deprecated. Please use `'airflow.providers.standard.operators.python.BranchPythonOperator'`.","category":"UserWarning","filename":"/opt/airflow/dags/6_conditional_dag.py","lineno":3,"logger":"py.warnings"}
{"timestamp":"2026-07-07T09:39:39.772411Z","level":"warning","event":"The `airflow.operators.empty.EmptyOperator` attribute is deprecated. Please use `'airflow.providers.standard.operators.empty.EmptyOperator'`.","category":"UserWarning","filename":"/opt/airflow/dags/6_conditional_dag.py","lineno":4,"logger":"py.warnings"}
{"timestamp":"2026-07-07T09:40:10.373522Z","level":"info","event":"Filling up the DagBag from /opt/airflow/dags/6_conditional_dag.py","logger":"airflow.dag_processing.dagbag.BundleDagBag","filename":"dagbag.py","lineno":469}
{"timestamp":"2026-07-07T09:40:10.434305Z","level":"warning","event":"The `airflow.decorators.task` attribute is deprecated. Please use `'airflow.sdk.task'`.","category":"UserWarning","filename":"/opt/airflow/dags/6_conditional_dag.py","lineno":2,"logger":"py.warnings"}
{"timestamp":"2026-07-07T09:40:10.434535Z","level":"warning","event":"The `airflow.operators.python.BranchPythonOperator` attribute is deprecated. Please use `'airflow.providers.standard.operators.python.BranchPythonOperator'`.","category":"UserWarning","filename":"/opt/airflow/dags/6_conditional_dag.py","lineno":3,"logger":"py.warnings"}
{"timestamp":"2026-07-07T09:40:10.434665Z","level":"warning","event":"The `airflow.operators.empty.EmptyOperator` attribute is deprecated. Please use `'airflow.providers.standard.operators.empty.EmptyOperator'`.","category":"UserWarning","filename":"/opt/airflow/dags/6_conditional_dag.py","lineno":4,"logger":"py.warnings"}
{"timestamp":"2026-07-07T09:40:41.292944Z","level":"info","event":"Filling up the DagBag from /opt/airflow/dags/6_conditional_dag.py","logger":"airflow.dag_processing.dagbag.BundleDagBag","filename":"dagbag.py","lineno":469}
{"timestamp":"2026-07-07T09:40:41.356235Z","level":"warning","event":"The `airflow.decorators.task` attribute is deprecated. Please use `'airflow.sdk.task'`.","category":"UserWarning","filename":"/opt/airflow/dags/6_conditional_dag.py","lineno":2,"logger":"py.warnings"}
{"timestamp":"2026-07-07T09:40:41.356404Z","level":"warning","event":"The `airflow.operators.python.BranchPythonOperator` attribute is deprecated. Please use `'airflow.providers.standard.operators.python.BranchPythonOperator'`.","category":"UserWarning","filename":"/opt/airflow/dags/6_conditional_dag.py","lineno":3,"logger":"py.warnings"}
{"timestamp":"2026-07-07T09:40:41.356469Z","level":"warning","event":"The `airflow.operators.empty.EmptyOperator` attribute is deprecated. Please use `'airflow.providers.standard.operators.empty.EmptyOperator'`.","category":"UserWarning","filename":"/opt/airflow/dags/6_conditional_dag.py","lineno":4,"logger":"py.warnings"}
{"timestamp":"2026-07-07T09:51:53.703859Z","level":"info","event":"Filling up the DagBag from /opt/airflow/dags/6_conditional_dag.py","logger":"airflow.dag_processing.dagbag.BundleDagBag","filename":"dagbag.py","lineno":469}
{"timestamp":"2026-07-07T09:51:53.836826Z","level":"warning","event":"The `airflow.decorators.task` attribute is deprecated. Please use `'airflow.sdk.task'`.","category":"UserWarning","filename":"/opt/airflow/dags/6_conditional_dag.py","lineno":2,"logger":"py.warnings"}
{"timestamp":"2026-07-07T09:51:53.837110Z","level":"warning","event":"The `airflow.operators.python.BranchPythonOperator` attribute is deprecated. Please use `'airflow.providers.standard.operators.python.BranchPythonOperator'`.","category":"UserWarning","filename":"/opt/airflow/dags/6_conditional_dag.py","lineno":3,"logger":"py.warnings"}
{"timestamp":"2026-07-07T09:51:53.837251Z","level":"warning","event":"The `airflow.operators.empty.EmptyOperator` attribute is deprecated. Please use `'airflow.providers.standard.operators.empty.EmptyOperator'`.","category":"UserWarning","filename":"/opt/airflow/dags/6_conditional_dag.py","lineno":4,"logger":"py.warnings"}
{"timestamp":"2026-07-07T09:52:24.106478Z","level":"info","event":"Filling up the DagBag from /opt/airflow/dags/6_conditional_dag.py","logger":"airflow.dag_processing.dagbag.BundleDagBag","filename":"dagbag.py","lineno":469}
{"timestamp":"2026-07-07T09:52:24.177492Z","level":"warning","event":"The `airflow.decorators.task` attribute is deprecated. Please use `'airflow.sdk.task'`.","category":"UserWarning","filename":"/opt/airflow/dags/6_conditional_dag.py","lineno":2,"logger":"py.warnings"}
{"timestamp":"2026-07-07T09:52:24.177643Z","level":"warning","event":"The `airflow.operators.python.BranchPythonOperator` attribute is deprecated. Please use `'airflow.providers.standard.operators.python.BranchPythonOperator'`.","category":"UserWarning","filename":"/opt/airflow/dags/6_conditional_dag.py","lineno":3,"logger":"py.warnings"}
{"timestamp":"2026-07-07T09:52:24.177717Z","level":"warning","event":"The `airflow.operators.empty.EmptyOperator` attribute is deprecated. Please use `'airflow.providers.standard.operators.empty.EmptyOperator'`.","category":"UserWarning","filename":"/opt/airflow/dags/6_conditional_dag.py","lineno":4,"logger":"py.warnings"}
{"timestamp":"2026-07-07T09:52:55.138700Z","level":"info","event":"Filling up the DagBag from /opt/airflow/dags/6_conditional_dag.py","logger":"airflow.dag_processing.dagbag.BundleDagBag","filename":"dagbag.py","lineno":469}
{"timestamp":"2026-07-07T09:52:55.204987Z","level":"warning","event":"The `airflow.decorators.task` attribute is deprecated. Please use `'airflow.sdk.task'`.","category":"UserWarning","filename":"/opt/airflow/dags/6_conditional_dag.py","lineno":2,"logger":"py.warnings"}
{"timestamp":"2026-07-07T09:52:55.205175Z","level":"warning","event":"The `airflow.operators.python.BranchPythonOperator` attribute is deprecated. Please use `'airflow.providers.standard.operators.python.BranchPythonOperator'`.","category":"UserWarning","filename":"/opt/airflow/dags/6_conditional_dag.py","lineno":3,"logger":"py.warnings"}
{"timestamp":"2026-07-07T09:52:55.205288Z","level":"warning","event":"The `airflow.operators.empty.EmptyOperator` attribute is deprecated. Please use `'airflow.providers.standard.operators.empty.EmptyOperator'`.","category":"UserWarning","filename":"/opt/airflow/dags/6_conditional_dag.py","lineno":4,"logger":"py.warnings"}
{"timestamp":"2026-07-07T09:53:25.629903Z","level":"info","event":"Filling up the DagBag from /opt/airflow/dags/6_conditional_dag.py","logger":"airflow.dag_processing.dagbag.BundleDagBag","filename":"dagbag.py","lineno":469}
{"timestamp":"2026-07-07T09:53:25.726529Z","level":"warning","event":"The `airflow.decorators.task` attribute is deprecated. Please use `'airflow.sdk.task'`.","category":"UserWarning","filename":"/opt/airflow/dags/6_conditional_dag.py","lineno":2,"logger":"py.warnings"}
{"timestamp":"2026-07-07T09:53:25.726814Z","level":"warning","event":"The `airflow.operators.python.BranchPythonOperator` attribute is deprecated. Please use `'airflow.providers.standard.operators.python.BranchPythonOperator'`.","category":"UserWarning","filename":"/opt/airflow/dags/6_conditional_dag.py","lineno":3,"logger":"py.warnings"}
{"timestamp":"2026-07-07T09:53:25.726958Z","level":"warning","event":"The `airflow.operators.empty.EmptyOperator` attribute is deprecated. Please use `'airflow.providers.standard.operators.empty.EmptyOperator'`.","category":"UserWarning","filename":"/opt/airflow/dags/6_conditional_dag.py","lineno":4,"logger":"py.warnings"}
{"timestamp":"2026-07-07T09:53:56.222538Z","level":"info","event":"Filling up the DagBag from /opt/airflow/dags/6_conditional_dag.py","logger":"airflow.dag_processing.dagbag.BundleDagBag","filename":"dagbag.py","lineno":469}
{"timestamp":"2026-07-07T09:53:56.288658Z","level":"warning","event":"The `airflow.decorators.task` attribute is deprecated. Please use `'airflow.sdk.task'`.","category":"UserWarning","filename":"/opt/airflow/dags/6_conditional_dag.py","lineno":2,"logger":"py.warnings"}
{"timestamp":"2026-07-07T09:53:56.288846Z","level":"warning","event":"The `airflow.operators.python.BranchPythonOperator` attribute is deprecated. Please use `'airflow.providers.standard.operators.python.BranchPythonOperator'`.","category":"UserWarning","filename":"/opt/airflow/dags/6_conditional_dag.py","lineno":3,"logger":"py.warnings"}
{"timestamp":"2026-07-07T09:53:56.288922Z","level":"warning","event":"The `airflow.operators.empty.EmptyOperator` attribute is deprecated. Please use `'airflow.providers.standard.operators.empty.EmptyOperator'`.","category":"UserWarning","filename":"/opt/airflow/dags/6_conditional_dag.py","lineno":4,"logger":"py.warnings"}
{"timestamp":"2026-07-07T09:54:26.883517Z","level":"info","event":"Filling up the DagBag from /opt/airflow/dags/6_conditional_dag.py","logger":"airflow.dag_processing.dagbag.BundleDagBag","filename":"dagbag.py","lineno":469}
{"timestamp":"2026-07-07T09:54:26.946188Z","level":"warning","event":"The `airflow.decorators.task` attribute is deprecated. Please use `'airflow.sdk.task'`.","category":"UserWarning","filename":"/opt/airflow/dags/6_conditional_dag.py","lineno":2,"logger":"py.warnings"}
{"timestamp":"2026-07-07T09:54:26.946407Z","level":"warning","event":"The `airflow.operators.python.BranchPythonOperator` attribute is deprecated. Please use `'airflow.providers.standard.operators.python.BranchPythonOperator'`.","category":"UserWarning","filename":"/opt/airflow/dags/6_conditional_dag.py","lineno":3,"logger":"py.warnings"}
{"timestamp":"2026-07-07T09:54:26.946485Z","level":"warning","event":"The `airflow.operators.empty.EmptyOperator` attribute is deprecated. Please use `'airflow.providers.standard.operators.empty.EmptyOperator'`.","category":"UserWarning","filename":"/opt/airflow/dags/6_conditional_dag.py","lineno":4,"logger":"py.warnings"}
{"timestamp":"2026-07-07T09:54:57.424028Z","level":"info","event":"Filling up the DagBag from /opt/airflow/dags/6_conditional_dag.py","logger":"airflow.dag_processing.dagbag.BundleDagBag","filename":"dagbag.py","lineno":469}
{"timestamp":"2026-07-07T09:54:57.490134Z","level":"warning","event":"The `airflow.decorators.task` attribute is deprecated. Please use `'airflow.sdk.task'`.","category":"UserWarning","filename":"/opt/airflow/dags/6_conditional_dag.py","lineno":2,"logger":"py.warnings"}
{"timestamp":"2026-07-07T09:54:57.490387Z","level":"warning","event":"The `airflow.operators.python.BranchPythonOperator` attribute is deprecated. Please use `'airflow.providers.standard.operators.python.BranchPythonOperator'`.","category":"UserWarning","filename":"/opt/airflow/dags/6_conditional_dag.py","lineno":3,"logger":"py.warnings"}
{"timestamp":"2026-07-07T09:54:57.490605Z","level":"warning","event":"The `airflow.operators.empty.EmptyOperator` attribute is deprecated. Please use `'airflow.providers.standard.operators.empty.EmptyOperator'`.","category":"UserWarning","filename":"/opt/airflow/dags/6_conditional_dag.py","lineno":4,"logger":"py.warnings"}
{"timestamp":"2026-07-07T09:55:27.976188Z","level":"info","event":"Filling up the DagBag from /opt/airflow/dags/6_conditional_dag.py","logger":"airflow.dag_processing.dagbag.BundleDagBag","filename":"dagbag.py","lineno":469}
{"timestamp":"2026-07-07T09:55:28.040137Z","level":"warning","event":"The `airflow.decorators.task` attribute is deprecated. Please use `'airflow.sdk.task'`.","category":"UserWarning","filename":"/opt/airflow/dags/6_conditional_dag.py","lineno":2,"logger":"py.warnings"}
{"timestamp":"2026-07-07T09:55:28.040273Z","level":"warning","event":"The `airflow.operators.python.BranchPythonOperator` attribute is deprecated. Please use `'airflow.providers.standard.operators.python.BranchPythonOperator'`.","category":"UserWarning","filename":"/opt/airflow/dags/6_conditional_dag.py","lineno":3,"logger":"py.warnings"}
{"timestamp":"2026-07-07T09:55:28.040345Z","level":"warning","event":"The `airflow.operators.empty.EmptyOperator` attribute is deprecated. Please use `'airflow.providers.standard.operators.empty.EmptyOperator'`.","category":"UserWarning","filename":"/opt/airflow/dags/6_conditional_dag.py","lineno":4,"logger":"py.warnings"}
{"timestamp":"2026-07-07T09:55:58.449765Z","level":"info","event":"Filling up the DagBag from /opt/airflow/dags/6_conditional_dag.py","logger":"airflow.dag_processing.dagbag.BundleDagBag","filename":"dagbag.py","lineno":469}
{"timestamp":"2026-07-07T09:55:58.503758Z","level":"warning","event":"The `airflow.decorators.task` attribute is deprecated. Please use `'airflow.sdk.task'`.","category":"UserWarning","filename":"/opt/airflow/dags/6_conditional_dag.py","lineno":2,"logger":"py.warnings"}
{"timestamp":"2026-07-07T09:55:58.503893Z","level":"warning","event":"The `airflow.operators.python.BranchPythonOperator` attribute is deprecated. Please use `'airflow.providers.standard.operators.python.BranchPythonOperator'`.","category":"UserWarning","filename":"/opt/airflow/dags/6_conditional_dag.py","lineno":3,"logger":"py.warnings"}
{"timestamp":"2026-07-07T09:55:58.503961Z","level":"warning","event":"The `airflow.operators.empty.EmptyOperator` attribute is deprecated. Please use `'airflow.providers.standard.operators.empty.EmptyOperator'`.","category":"UserWarning","filename":"/opt/airflow/dags/6_conditional_dag.py","lineno":4,"logger":"py.warnings"}
{"timestamp":"2026-07-07T09:56:29.026839Z","level":"info","event":"Filling up the DagBag from /opt/airflow/dags/6_conditional_dag.py","logger":"airflow.dag_processing.dagbag.BundleDagBag","filename":"dagbag.py","lineno":469}
{"timestamp":"2026-07-07T09:56:29.073666Z","level":"warning","event":"The `airflow.decorators.task` attribute is deprecated. Please use `'airflow.sdk.task'`.","category":"UserWarning","filename":"/opt/airflow/dags/6_conditional_dag.py","lineno":2,"logger":"py.warnings"}
{"timestamp":"2026-07-07T09:56:29.073792Z","level":"warning","event":"The `airflow.operators.python.BranchPythonOperator` attribute is deprecated. Please use `'airflow.providers.standard.operators.python.BranchPythonOperator'`.","category":"UserWarning","filename":"/opt/airflow/dags/6_conditional_dag.py","lineno":3,"logger":"py.warnings"}
{"timestamp":"2026-07-07T09:56:29.073854Z","level":"warning","event":"The `airflow.operators.empty.EmptyOperator` attribute is deprecated. Please use `'airflow.providers.standard.operators.empty.EmptyOperator'`.","category":"UserWarning","filename":"/opt/airflow/dags/6_conditional_dag.py","lineno":4,"logger":"py.warnings"}
{"timestamp":"2026-07-07T09:56:59.253813Z","level":"info","event":"Filling up the DagBag from /opt/airflow/dags/6_conditional_dag.py","logger":"airflow.dag_processing.dagbag.BundleDagBag","filename":"dagbag.py","lineno":469}
{"timestamp":"2026-07-07T09:56:59.295582Z","level":"warning","event":"The `airflow.decorators.task` attribute is deprecated. Please use `'airflow.sdk.task'`.","category":"UserWarning","filename":"/opt/airflow/dags/6_conditional_dag.py","lineno":2,"logger":"py.warnings"}
{"timestamp":"2026-07-07T09:56:59.295689Z","level":"warning","event":"The `airflow.operators.python.BranchPythonOperator` attribute is deprecated. Please use `'airflow.providers.standard.operators.python.BranchPythonOperator'`.","category":"UserWarning","filename":"/opt/airflow/dags/6_conditional_dag.py","lineno":3,"logger":"py.warnings"}
{"timestamp":"2026-07-07T09:56:59.295747Z","level":"warning","event":"The `airflow.operators.empty.EmptyOperator` attribute is deprecated. Please use `'airflow.providers.standard.operators.empty.EmptyOperator'`.","category":"UserWarning","filename":"/opt/airflow/dags/6_conditional_dag.py","lineno":4,"logger":"py.warnings"}
{"timestamp":"2026-07-07T09:57:29.451652Z","level":"info","event":"Filling up the DagBag from /opt/airflow/dags/6_conditional_dag.py","logger":"airflow.dag_processing.dagbag.BundleDagBag","filename":"dagbag.py","lineno":469}
{"timestamp":"2026-07-07T09:57:29.497222Z","level":"warning","event":"The `airflow.decorators.task` attribute is deprecated. Please use `'airflow.sdk.task'`.","category":"UserWarning","filename":"/opt/airflow/dags/6_conditional_dag.py","lineno":2,"logger":"py.warnings"}
{"timestamp":"2026-07-07T09:57:29.497355Z","level":"warning","event":"The `airflow.operators.python.BranchPythonOperator` attribute is deprecated. Please use `'airflow.providers.standard.operators.python.BranchPythonOperator'`.","category":"UserWarning","filename":"/opt/airflow/dags/6_conditional_dag.py","lineno":3,"logger":"py.warnings"}
{"timestamp":"2026-07-07T09:57:29.497455Z","level":"warning","event":"The `airflow.operators.empty.EmptyOperator` attribute is deprecated. Please use `'airflow.providers.standard.operators.empty.EmptyOperator'`.","category":"UserWarning","filename":"/opt/airflow/dags/6_conditional_dag.py","lineno":4,"logger":"py.warnings"}
{"timestamp":"2026-07-07T09:57:59.649926Z","level":"info","event":"Filling up the DagBag from /opt/airflow/dags/6_conditional_dag.py","logger":"airflow.dag_processing.dagbag.BundleDagBag","filename":"dagbag.py","lineno":469}
{"timestamp":"2026-07-07T09:57:59.696038Z","level":"warning","event":"The `airflow.decorators.task` attribute is deprecated. Please use `'airflow.sdk.task'`.","category":"UserWarning","filename":"/opt/airflow/dags/6_conditional_dag.py","lineno":2,"logger":"py.warnings"}
{"timestamp":"2026-07-07T09:57:59.696155Z","level":"warning","event":"The `airflow.operators.python.BranchPythonOperator` attribute is deprecated. Please use `'airflow.providers.standard.operators.python.BranchPythonOperator'`.","category":"UserWarning","filename":"/opt/airflow/dags/6_conditional_dag.py","lineno":3,"logger":"py.warnings"}
{"timestamp":"2026-07-07T09:57:59.696208Z","level":"warning","event":"The `airflow.operators.empty.EmptyOperator` attribute is deprecated. Please use `'airflow.providers.standard.operators.empty.EmptyOperator'`.","category":"UserWarning","filename":"/opt/airflow/dags/6_conditional_dag.py","lineno":4,"logger":"py.warnings"}
{"timestamp":"2026-07-07T09:58:29.873030Z","level":"info","event":"Filling up the DagBag from /opt/airflow/dags/6_conditional_dag.py","logger":"airflow.dag_processing.dagbag.BundleDagBag","filename":"dagbag.py","lineno":469}
{"timestamp":"2026-07-07T09:58:29.921303Z","level":"warning","event":"The `airflow.decorators.task` attribute is deprecated. Please use `'airflow.sdk.task'`.","category":"UserWarning","filename":"/opt/airflow/dags/6_conditional_dag.py","lineno":2,"logger":"py.warnings"}
{"timestamp":"2026-07-07T09:58:29.921417Z","level":"warning","event":"The `airflow.operators.python.BranchPythonOperator` attribute is deprecated. Please use `'airflow.providers.standard.operators.python.BranchPythonOperator'`.","category":"UserWarning","filename":"/opt/airflow/dags/6_conditional_dag.py","lineno":3,"logger":"py.warnings"}
{"timestamp":"2026-07-07T09:58:29.921476Z","level":"warning","event":"The `airflow.operators.empty.EmptyOperator` attribute is deprecated. Please use `'airflow.providers.standard.operators.empty.EmptyOperator'`.","category":"UserWarning","filename":"/opt/airflow/dags/6_conditional_dag.py","lineno":4,"logger":"py.warnings"}
{"timestamp":"2026-07-07T09:59:00.059999Z","level":"info","event":"Filling up the DagBag from /opt/airflow/dags/6_conditional_dag.py","logger":"airflow.dag_processing.dagbag.BundleDagBag","filename":"dagbag.py","lineno":469}
{"timestamp":"2026-07-07T09:59:00.104622Z","level":"warning","event":"The `airflow.decorators.task` attribute is deprecated. Please use `'airflow.sdk.task'`.","category":"UserWarning","filename":"/opt/airflow/dags/6_conditional_dag.py","lineno":2,"logger":"py.warnings"}
{"timestamp":"2026-07-07T09:59:00.104757Z","level":"warning","event":"The `airflow.operators.python.BranchPythonOperator` attribute is deprecated. Please use `'airflow.providers.standard.operators.python.BranchPythonOperator'`.","category":"UserWarning","filename":"/opt/airflow/dags/6_conditional_dag.py","lineno":3,"logger":"py.warnings"}
{"timestamp":"2026-07-07T09:59:00.104825Z","level":"warning","event":"The `airflow.operators.empty.EmptyOperator` attribute is deprecated. Please use `'airflow.providers.standard.operators.empty.EmptyOperator'`.","category":"UserWarning","filename":"/opt/airflow/dags/6_conditional_dag.py","lineno":4,"logger":"py.warnings"}
{"timestamp":"2026-07-07T09:59:30.216642Z","level":"info","event":"Filling up the DagBag from /opt/airflow/dags/6_conditional_dag.py","logger":"airflow.dag_processing.dagbag.BundleDagBag","filename":"dagbag.py","lineno":469}
{"timestamp":"2026-07-07T09:59:30.263062Z","level":"warning","event":"The `airflow.decorators.task` attribute is deprecated. Please use `'airflow.sdk.task'`.","category":"UserWarning","filename":"/opt/airflow/dags/6_conditional_dag.py","lineno":2,"logger":"py.warnings"}
{"timestamp":"2026-07-07T09:59:30.263168Z","level":"warning","event":"The `airflow.operators.python.BranchPythonOperator` attribute is deprecated. Please use `'airflow.providers.standard.operators.python.BranchPythonOperator'`.","category":"UserWarning","filename":"/opt/airflow/dags/6_conditional_dag.py","lineno":3,"logger":"py.warnings"}
{"timestamp":"2026-07-07T09:59:30.263231Z","level":"warning","event":"The `airflow.operators.empty.EmptyOperator` attribute is deprecated. Please use `'airflow.providers.standard.operators.empty.EmptyOperator'`.","category":"UserWarning","filename":"/opt/airflow/dags/6_conditional_dag.py","lineno":4,"logger":"py.warnings"}
{"timestamp":"2026-07-07T10:00:00.431068Z","level":"info","event":"Filling up the DagBag from /opt/airflow/dags/6_conditional_dag.py","logger":"airflow.dag_processing.dagbag.BundleDagBag","filename":"dagbag.py","lineno":469}
{"timestamp":"2026-07-07T10:00:00.472857Z","level":"warning","event":"The `airflow.decorators.task` attribute is deprecated. Please use `'airflow.sdk.task'`.","category":"UserWarning","filename":"/opt/airflow/dags/6_conditional_dag.py","lineno":2,"logger":"py.warnings"}
{"timestamp":"2026-07-07T10:00:00.473030Z","level":"warning","event":"The `airflow.operators.python.BranchPythonOperator` attribute is deprecated. Please use `'airflow.providers.standard.operators.python.BranchPythonOperator'`.","category":"UserWarning","filename":"/opt/airflow/dags/6_conditional_dag.py","lineno":3,"logger":"py.warnings"}
{"timestamp":"2026-07-07T10:00:00.473120Z","level":"warning","event":"The `airflow.operators.empty.EmptyOperator` attribute is deprecated. Please use `'airflow.providers.standard.operators.empty.EmptyOperator'`.","category":"UserWarning","filename":"/opt/airflow/dags/6_conditional_dag.py","lineno":4,"logger":"py.warnings"}
{"timestamp":"2026-07-07T10:00:30.661669Z","level":"info","event":"Filling up the DagBag from /opt/airflow/dags/6_conditional_dag.py","logger":"airflow.dag_processing.dagbag.BundleDagBag","filename":"dagbag.py","lineno":469}
{"timestamp":"2026-07-07T10:00:30.703662Z","level":"warning","event":"The `airflow.decorators.task` attribute is deprecated. Please use `'airflow.sdk.task'`.","category":"UserWarning","filename":"/opt/airflow/dags/6_conditional_dag.py","lineno":2,"logger":"py.warnings"}
{"timestamp":"2026-07-07T10:00:30.703791Z","level":"warning","event":"The `airflow.operators.python.BranchPythonOperator` attribute is deprecated. Please use `'airflow.providers.standard.operators.python.BranchPythonOperator'`.","category":"UserWarning","filename":"/opt/airflow/dags/6_conditional_dag.py","lineno":3,"logger":"py.warnings"}
{"timestamp":"2026-07-07T10:00:30.703870Z","level":"warning","event":"The `airflow.operators.empty.EmptyOperator` attribute is deprecated. Please use `'airflow.providers.standard.operators.empty.EmptyOperator'`.","category":"UserWarning","filename":"/opt/airflow/dags/6_conditional_dag.py","lineno":4,"logger":"py.warnings"}
{"timestamp":"2026-07-07T10:01:00.866822Z","level":"info","event":"Filling up the DagBag from /opt/airflow/dags/6_conditional_dag.py","logger":"airflow.dag_processing.dagbag.BundleDagBag","filename":"dagbag.py","lineno":469}
{"timestamp":"2026-07-07T10:01:00.904916Z","level":"warning","event":"The `airflow.decorators.task` attribute is deprecated. Please use `'airflow.sdk.task'`.","category":"UserWarning","filename":"/opt/airflow/dags/6_conditional_dag.py","lineno":2,"logger":"py.warnings"}
{"timestamp":"2026-07-07T10:01:00.905073Z","level":"warning","event":"The `airflow.operators.python.BranchPythonOperator` attribute is deprecated. Please use `'airflow.providers.standard.operators.python.BranchPythonOperator'`.","category":"UserWarning","filename":"/opt/airflow/dags/6_conditional_dag.py","lineno":3,"logger":"py.warnings"}
{"timestamp":"2026-07-07T10:01:00.905141Z","level":"warning","event":"The `airflow.operators.empty.EmptyOperator` attribute is deprecated. Please use `'airflow.providers.standard.operators.empty.EmptyOperator'`.","category":"UserWarning","filename":"/opt/airflow/dags/6_conditional_dag.py","lineno":4,"logger":"py.warnings"}
{"timestamp":"2026-07-07T10:01:31.160491Z","level":"info","event":"Filling up the DagBag from /opt/airflow/dags/6_conditional_dag.py","logger":"airflow.dag_processing.dagbag.BundleDagBag","filename":"dagbag.py","lineno":469}
{"timestamp":"2026-07-07T10:01:31.198720Z","level":"warning","event":"The `airflow.decorators.task` attribute is deprecated. Please use `'airflow.sdk.task'`.","category":"UserWarning","filename":"/opt/airflow/dags/6_conditional_dag.py","lineno":2,"logger":"py.warnings"}
{"timestamp":"2026-07-07T10:01:31.198846Z","level":"warning","event":"The `airflow.operators.python.BranchPythonOperator` attribute is deprecated. Please use `'airflow.providers.standard.operators.python.BranchPythonOperator'`.","category":"UserWarning","filename":"/opt/airflow/dags/6_conditional_dag.py","lineno":3,"logger":"py.warnings"}
{"timestamp":"2026-07-07T10:01:31.198974Z","level":"warning","event":"The `airflow.operators.empty.EmptyOperator` attribute is deprecated. Please use `'airflow.providers.standard.operators.empty.EmptyOperator'`.","category":"UserWarning","filename":"/opt/airflow/dags/6_conditional_dag.py","lineno":4,"logger":"py.warnings"}
{"timestamp":"2026-07-07T10:02:01.365737Z","level":"info","event":"Filling up the DagBag from /opt/airflow/dags/6_conditional_dag.py","logger":"airflow.dag_processing.dagbag.BundleDagBag","filename":"dagbag.py","lineno":469}
{"timestamp":"2026-07-07T10:02:01.405695Z","level":"warning","event":"The `airflow.decorators.task` attribute is deprecated. Please use `'airflow.sdk.task'`.","category":"UserWarning","filename":"/opt/airflow/dags/6_conditional_dag.py","lineno":2,"logger":"py.warnings"}
{"timestamp":"2026-07-07T10:02:01.405809Z","level":"warning","event":"The `airflow.operators.python.BranchPythonOperator` attribute is deprecated. Please use `'airflow.providers.standard.operators.python.BranchPythonOperator'`.","category":"UserWarning","filename":"/opt/airflow/dags/6_conditional_dag.py","lineno":3,"logger":"py.warnings"}
{"timestamp":"2026-07-07T10:02:01.405869Z","level":"warning","event":"The `airflow.operators.empty.EmptyOperator` attribute is deprecated. Please use `'airflow.providers.standard.operators.empty.EmptyOperator'`.","category":"UserWarning","filename":"/opt/airflow/dags/6_conditional_dag.py","lineno":4,"logger":"py.warnings"}
{"timestamp":"2026-07-07T10:02:31.553454Z","level":"info","event":"Filling up the DagBag from /opt/airflow/dags/6_conditional_dag.py","logger":"airflow.dag_processing.dagbag.BundleDagBag","filename":"dagbag.py","lineno":469}
{"timestamp":"2026-07-07T10:02:31.593291Z","level":"warning","event":"The `airflow.decorators.task` attribute is deprecated. Please use `'airflow.sdk.task'`.","category":"UserWarning","filename":"/opt/airflow/dags/6_conditional_dag.py","lineno":2,"logger":"py.warnings"}
{"timestamp":"2026-07-07T10:02:31.593416Z","level":"warning","event":"The `airflow.operators.python.BranchPythonOperator` attribute is deprecated. Please use `'airflow.providers.standard.operators.python.BranchPythonOperator'`.","category":"UserWarning","filename":"/opt/airflow/dags/6_conditional_dag.py","lineno":3,"logger":"py.warnings"}
{"timestamp":"2026-07-07T10:02:31.593483Z","level":"warning","event":"The `airflow.operators.empty.EmptyOperator` attribute is deprecated. Please use `'airflow.providers.standard.operators.empty.EmptyOperator'`.","category":"UserWarning","filename":"/opt/airflow/dags/6_conditional_dag.py","lineno":4,"logger":"py.warnings"}
{"timestamp":"2026-07-07T10:03:01.755231Z","level":"info","event":"Filling up the DagBag from /opt/airflow/dags/6_conditional_dag.py","logger":"airflow.dag_processing.dagbag.BundleDagBag","filename":"dagbag.py","lineno":469}
{"timestamp":"2026-07-07T10:03:01.803365Z","level":"warning","event":"The `airflow.decorators.task` attribute is deprecated. Please use `'airflow.sdk.task'`.","category":"UserWarning","filename":"/opt/airflow/dags/6_conditional_dag.py","lineno":2,"logger":"py.warnings"}
{"timestamp":"2026-07-07T10:03:01.803485Z","level":"warning","event":"The `airflow.operators.python.BranchPythonOperator` attribute is deprecated. Please use `'airflow.providers.standard.operators.python.BranchPythonOperator'`.","category":"UserWarning","filename":"/opt/airflow/dags/6_conditional_dag.py","lineno":3,"logger":"py.warnings"}
{"timestamp":"2026-07-07T10:03:01.803569Z","level":"warning","event":"The `airflow.operators.empty.EmptyOperator` attribute is deprecated. Please use `'airflow.providers.standard.operators.empty.EmptyOperator'`.","category":"UserWarning","filename":"/opt/airflow/dags/6_conditional_dag.py","lineno":4,"logger":"py.warnings"}
{"timestamp":"2026-07-07T10:03:32.000022Z","level":"info","event":"Filling up the DagBag from /opt/airflow/dags/6_conditional_dag.py","logger":"airflow.dag_processing.dagbag.BundleDagBag","filename":"dagbag.py","lineno":469}
{"timestamp":"2026-07-07T10:03:32.040634Z","level":"warning","event":"The `airflow.decorators.task` attribute is deprecated. Please use `'airflow.sdk.task'`.","category":"UserWarning","filename":"/opt/airflow/dags/6_conditional_dag.py","lineno":2,"logger":"py.warnings"}
{"timestamp":"2026-07-07T10:03:32.040749Z","level":"warning","event":"The `airflow.operators.python.BranchPythonOperator` attribute is deprecated. Please use `'airflow.providers.standard.operators.python.BranchPythonOperator'`.","category":"UserWarning","filename":"/opt/airflow/dags/6_conditional_dag.py","lineno":3,"logger":"py.warnings"}
{"timestamp":"2026-07-07T10:03:32.040803Z","level":"warning","event":"The `airflow.operators.empty.EmptyOperator` attribute is deprecated. Please use `'airflow.providers.standard.operators.empty.EmptyOperator'`.","category":"UserWarning","filename":"/opt/airflow/dags/6_conditional_dag.py","lineno":4,"logger":"py.warnings"}
{"timestamp":"2026-07-07T10:04:02.147234Z","level":"info","event":"Filling up the DagBag from /opt/airflow/dags/6_conditional_dag.py","logger":"airflow.dag_processing.dagbag.BundleDagBag","filename":"dagbag.py","lineno":469}
{"timestamp":"2026-07-07T10:04:02.188140Z","level":"warning","event":"The `airflow.decorators.task` attribute is deprecated. Please use `'airflow.sdk.task'`.","category":"UserWarning","filename":"/opt/airflow/dags/6_conditional_dag.py","lineno":2,"logger":"py.warnings"}
{"timestamp":"2026-07-07T10:04:02.188253Z","level":"warning","event":"The `airflow.operators.python.BranchPythonOperator` attribute is deprecated. Please use `'airflow.providers.standard.operators.python.BranchPythonOperator'`.","category":"UserWarning","filename":"/opt/airflow/dags/6_conditional_dag.py","lineno":3,"logger":"py.warnings"}
{"timestamp":"2026-07-07T10:04:02.188309Z","level":"warning","event":"The `airflow.operators.empty.EmptyOperator` attribute is deprecated. Please use `'airflow.providers.standard.operators.empty.EmptyOperator'`.","category":"UserWarning","filename":"/opt/airflow/dags/6_conditional_dag.py","lineno":4,"logger":"py.warnings"}
{"timestamp":"2026-07-07T10:04:32.304419Z","level":"info","event":"Filling up the DagBag from /opt/airflow/dags/6_conditional_dag.py","logger":"airflow.dag_processing.dagbag.BundleDagBag","filename":"dagbag.py","lineno":469}
{"timestamp":"2026-07-07T10:04:32.373657Z","level":"warning","event":"The `airflow.decorators.task` attribute is deprecated. Please use `'airflow.sdk.task'`.","category":"UserWarning","filename":"/opt/airflow/dags/6_conditional_dag.py","lineno":2,"logger":"py.warnings"}
{"timestamp":"2026-07-07T10:04:32.373829Z","level":"warning","event":"The `airflow.operators.python.BranchPythonOperator` attribute is deprecated. Please use `'airflow.providers.standard.operators.python.BranchPythonOperator'`.","category":"UserWarning","filename":"/opt/airflow/dags/6_conditional_dag.py","lineno":3,"logger":"py.warnings"}
{"timestamp":"2026-07-07T10:04:32.373929Z","level":"warning","event":"The `airflow.operators.empty.EmptyOperator` attribute is deprecated. Please use `'airflow.providers.standard.operators.empty.EmptyOperator'`.","category":"UserWarning","filename":"/opt/airflow/dags/6_conditional_dag.py","lineno":4,"logger":"py.warnings"}
{"timestamp":"2026-07-07T10:05:02.534043Z","level":"info","event":"Filling up the DagBag from /opt/airflow/dags/6_conditional_dag.py","logger":"airflow.dag_processing.dagbag.BundleDagBag","filename":"dagbag.py","lineno":469}
{"timestamp":"2026-07-07T10:05:02.573921Z","level":"warning","event":"The `airflow.decorators.task` attribute is deprecated. Please use `'airflow.sdk.task'`.","category":"UserWarning","filename":"/opt/airflow/dags/6_conditional_dag.py","lineno":2,"logger":"py.warnings"}
{"timestamp":"2026-07-07T10:05:02.574034Z","level":"warning","event":"The `airflow.operators.python.BranchPythonOperator` attribute is deprecated. Please use `'airflow.providers.standard.operators.python.BranchPythonOperator'`.","category":"UserWarning","filename":"/opt/airflow/dags/6_conditional_dag.py","lineno":3,"logger":"py.warnings"}
{"timestamp":"2026-07-07T10:05:02.574090Z","level":"warning","event":"The `airflow.operators.empty.EmptyOperator` attribute is deprecated. Please use `'airflow.providers.standard.operators.empty.EmptyOperator'`.","category":"UserWarning","filename":"/opt/airflow/dags/6_conditional_dag.py","lineno":4,"logger":"py.warnings"}
{"timestamp":"2026-07-07T10:05:32.680195Z","level":"info","event":"Filling up the DagBag from /opt/airflow/dags/6_conditional_dag.py","logger":"airflow.dag_processing.dagbag.BundleDagBag","filename":"dagbag.py","lineno":469}
{"timestamp":"2026-07-07T10:05:32.720048Z","level":"warning","event":"The `airflow.decorators.task` attribute is deprecated. Please use `'airflow.sdk.task'`.","category":"UserWarning","filename":"/opt/airflow/dags/6_conditional_dag.py","lineno":2,"logger":"py.warnings"}
{"timestamp":"2026-07-07T10:05:32.720172Z","level":"warning","event":"The `airflow.operators.python.BranchPythonOperator` attribute is deprecated. Please use `'airflow.providers.standard.operators.python.BranchPythonOperator'`.","category":"UserWarning","filename":"/opt/airflow/dags/6_conditional_dag.py","lineno":3,"logger":"py.warnings"}
{"timestamp":"2026-07-07T10:05:32.720231Z","level":"warning","event":"The `airflow.operators.empty.EmptyOperator` attribute is deprecated. Please use `'airflow.providers.standard.operators.empty.EmptyOperator'`.","category":"UserWarning","filename":"/opt/airflow/dags/6_conditional_dag.py","lineno":4,"logger":"py.warnings"}
{"timestamp":"2026-07-07T10:12:45.408855Z","level":"info","event":"Filling up the DagBag from /opt/airflow/dags/6_conditional_dag.py","logger":"airflow.dag_processing.dagbag.BundleDagBag","filename":"dagbag.py","lineno":469}
{"timestamp":"2026-07-07T10:12:45.529879Z","level":"warning","event":"The `airflow.decorators.task` attribute is deprecated. Please use `'airflow.sdk.task'`.","category":"UserWarning","filename":"/opt/airflow/dags/6_conditional_dag.py","lineno":2,"logger":"py.warnings"}
{"timestamp":"2026-07-07T10:12:45.530080Z","level":"warning","event":"The `airflow.operators.python.BranchPythonOperator` attribute is deprecated. Please use `'airflow.providers.standard.operators.python.BranchPythonOperator'`.","category":"UserWarning","filename":"/opt/airflow/dags/6_conditional_dag.py","lineno":3,"logger":"py.warnings"}
{"timestamp":"2026-07-07T10:12:45.530148Z","level":"warning","event":"The `airflow.operators.empty.EmptyOperator` attribute is deprecated. Please use `'airflow.providers.standard.operators.empty.EmptyOperator'`.","category":"UserWarning","filename":"/opt/airflow/dags/6_conditional_dag.py","lineno":4,"logger":"py.warnings"}
{"timestamp":"2026-07-07T10:13:15.719201Z","level":"info","event":"Filling up the DagBag from /opt/airflow/dags/6_conditional_dag.py","logger":"airflow.dag_processing.dagbag.BundleDagBag","filename":"dagbag.py","lineno":469}
{"timestamp":"2026-07-07T10:13:15.759925Z","level":"warning","event":"The `airflow.decorators.task` attribute is deprecated. Please use `'airflow.sdk.task'`.","category":"UserWarning","filename":"/opt/airflow/dags/6_conditional_dag.py","lineno":2,"logger":"py.warnings"}
{"timestamp":"2026-07-07T10:13:15.760030Z","level":"warning","event":"The `airflow.operators.python.BranchPythonOperator` attribute is deprecated. Please use `'airflow.providers.standard.operators.python.BranchPythonOperator'`.","category":"UserWarning","filename":"/opt/airflow/dags/6_conditional_dag.py","lineno":3,"logger":"py.warnings"}
{"timestamp":"2026-07-07T10:13:15.760083Z","level":"warning","event":"The `airflow.operators.empty.EmptyOperator` attribute is deprecated. Please use `'airflow.providers.standard.operators.empty.EmptyOperator'`.","category":"UserWarning","filename":"/opt/airflow/dags/6_conditional_dag.py","lineno":4,"logger":"py.warnings"}
{"timestamp":"2026-07-07T10:13:45.929335Z","level":"info","event":"Filling up the DagBag from /opt/airflow/dags/6_conditional_dag.py","logger":"airflow.dag_processing.dagbag.BundleDagBag","filename":"dagbag.py","lineno":469}
{"timestamp":"2026-07-07T10:13:45.978325Z","level":"warning","event":"The `airflow.decorators.task` attribute is deprecated. Please use `'airflow.sdk.task'`.","category":"UserWarning","filename":"/opt/airflow/dags/6_conditional_dag.py","lineno":2,"logger":"py.warnings"}
{"timestamp":"2026-07-07T10:13:45.978474Z","level":"warning","event":"The `airflow.operators.python.BranchPythonOperator` attribute is deprecated. Please use `'airflow.providers.standard.operators.python.BranchPythonOperator'`.","category":"UserWarning","filename":"/opt/airflow/dags/6_conditional_dag.py","lineno":3,"logger":"py.warnings"}
{"timestamp":"2026-07-07T10:13:45.978536Z","level":"warning","event":"The `airflow.operators.empty.EmptyOperator` attribute is deprecated. Please use `'airflow.providers.standard.operators.empty.EmptyOperator'`.","category":"UserWarning","filename":"/opt/airflow/dags/6_conditional_dag.py","lineno":4,"logger":"py.warnings"}
{"timestamp":"2026-07-07T10:14:16.164053Z","level":"info","event":"Filling up the DagBag from /opt/airflow/dags/6_conditional_dag.py","logger":"airflow.dag_processing.dagbag.BundleDagBag","filename":"dagbag.py","lineno":469}
{"timestamp":"2026-07-07T10:14:16.208960Z","level":"warning","event":"The `airflow.decorators.task` attribute is deprecated. Please use `'airflow.sdk.task'`.","category":"UserWarning","filename":"/opt/airflow/dags/6_conditional_dag.py","lineno":2,"logger":"py.warnings"}
{"timestamp":"2026-07-07T10:14:16.209081Z","level":"warning","event":"The `airflow.operators.python.BranchPythonOperator` attribute is deprecated. Please use `'airflow.providers.standard.operators.python.BranchPythonOperator'`.","category":"UserWarning","filename":"/opt/airflow/dags/6_conditional_dag.py","lineno":3,"logger":"py.warnings"}
{"timestamp":"2026-07-07T10:14:16.209138Z","level":"warning","event":"The `airflow.operators.empty.EmptyOperator` attribute is deprecated. Please use `'airflow.providers.standard.operators.empty.EmptyOperator'`.","category":"UserWarning","filename":"/opt/airflow/dags/6_conditional_dag.py","lineno":4,"logger":"py.warnings"}
{"timestamp":"2026-07-07T10:14:46.394318Z","level":"info","event":"Filling up the DagBag from /opt/airflow/dags/6_conditional_dag.py","logger":"airflow.dag_processing.dagbag.BundleDagBag","filename":"dagbag.py","lineno":469}
{"timestamp":"2026-07-07T10:14:46.437661Z","level":"warning","event":"The `airflow.decorators.task` attribute is deprecated. Please use `'airflow.sdk.task'`.","category":"UserWarning","filename":"/opt/airflow/dags/6_conditional_dag.py","lineno":2,"logger":"py.warnings"}
{"timestamp":"2026-07-07T10:14:46.437806Z","level":"warning","event":"The `airflow.operators.python.BranchPythonOperator` attribute is deprecated. Please use `'airflow.providers.standard.operators.python.BranchPythonOperator'`.","category":"UserWarning","filename":"/opt/airflow/dags/6_conditional_dag.py","lineno":3,"logger":"py.warnings"}
{"timestamp":"2026-07-07T10:14:46.437883Z","level":"warning","event":"The `airflow.operators.empty.EmptyOperator` attribute is deprecated. Please use `'airflow.providers.standard.operators.empty.EmptyOperator'`.","category":"UserWarning","filename":"/opt/airflow/dags/6_conditional_dag.py","lineno":4,"logger":"py.warnings"}
{"timestamp":"2026-07-07T10:15:16.632666Z","level":"info","event":"Filling up the DagBag from /opt/airflow/dags/6_conditional_dag.py","logger":"airflow.dag_processing.dagbag.BundleDagBag","filename":"dagbag.py","lineno":469}
{"timestamp":"2026-07-07T10:15:16.669894Z","level":"warning","event":"The `airflow.decorators.task` attribute is deprecated. Please use `'airflow.sdk.task'`.","category":"UserWarning","filename":"/opt/airflow/dags/6_conditional_dag.py","lineno":2,"logger":"py.warnings"}
{"timestamp":"2026-07-07T10:15:16.670016Z","level":"warning","event":"The `airflow.operators.python.BranchPythonOperator` attribute is deprecated. Please use `'airflow.providers.standard.operators.python.BranchPythonOperator'`.","category":"UserWarning","filename":"/opt/airflow/dags/6_conditional_dag.py","lineno":3,"logger":"py.warnings"}
{"timestamp":"2026-07-07T10:15:16.670074Z","level":"warning","event":"The `airflow.operators.empty.EmptyOperator` attribute is deprecated. Please use `'airflow.providers.standard.operators.empty.EmptyOperator'`.","category":"UserWarning","filename":"/opt/airflow/dags/6_conditional_dag.py","lineno":4,"logger":"py.warnings"}
{"timestamp":"2026-07-07T10:15:46.861600Z","level":"info","event":"Filling up the DagBag from /opt/airflow/dags/6_conditional_dag.py","logger":"airflow.dag_processing.dagbag.BundleDagBag","filename":"dagbag.py","lineno":469}
{"timestamp":"2026-07-07T10:15:46.899295Z","level":"warning","event":"The `airflow.decorators.task` attribute is deprecated. Please use `'airflow.sdk.task'`.","category":"UserWarning","filename":"/opt/airflow/dags/6_conditional_dag.py","lineno":2,"logger":"py.warnings"}
{"timestamp":"2026-07-07T10:15:46.899418Z","level":"warning","event":"The `airflow.operators.python.BranchPythonOperator` attribute is deprecated. Please use `'airflow.providers.standard.operators.python.BranchPythonOperator'`.","category":"UserWarning","filename":"/opt/airflow/dags/6_conditional_dag.py","lineno":3,"logger":"py.warnings"}
{"timestamp":"2026-07-07T10:15:46.899486Z","level":"warning","event":"The `airflow.operators.empty.EmptyOperator` attribute is deprecated. Please use `'airflow.providers.standard.operators.empty.EmptyOperator'`.","category":"UserWarning","filename":"/opt/airflow/dags/6_conditional_dag.py","lineno":4,"logger":"py.warnings"}
{"timestamp":"2026-07-07T10:16:17.068325Z","level":"info","event":"Filling up the DagBag from /opt/airflow/dags/6_conditional_dag.py","logger":"airflow.dag_processing.dagbag.BundleDagBag","filename":"dagbag.py","lineno":469}
{"timestamp":"2026-07-07T10:16:17.106537Z","level":"warning","event":"The `airflow.decorators.task` attribute is deprecated. Please use `'airflow.sdk.task'`.","category":"UserWarning","filename":"/opt/airflow/dags/6_conditional_dag.py","lineno":2,"logger":"py.warnings"}
{"timestamp":"2026-07-07T10:16:17.106651Z","level":"warning","event":"The `airflow.operators.python.BranchPythonOperator` attribute is deprecated. Please use `'airflow.providers.standard.operators.python.BranchPythonOperator'`.","category":"UserWarning","filename":"/opt/airflow/dags/6_conditional_dag.py","lineno":3,"logger":"py.warnings"}
{"timestamp":"2026-07-07T10:16:17.106711Z","level":"warning","event":"The `airflow.operators.empty.EmptyOperator` attribute is deprecated. Please use `'airflow.providers.standard.operators.empty.EmptyOperator'`.","category":"UserWarning","filename":"/opt/airflow/dags/6_conditional_dag.py","lineno":4,"logger":"py.warnings"}
{"timestamp":"2026-07-07T10:16:47.265976Z","level":"info","event":"Filling up the DagBag from /opt/airflow/dags/6_conditional_dag.py","logger":"airflow.dag_processing.dagbag.BundleDagBag","filename":"dagbag.py","lineno":469}
{"timestamp":"2026-07-07T10:16:47.314044Z","level":"warning","event":"The `airflow.decorators.task` attribute is deprecated. Please use `'airflow.sdk.task'`.","category":"UserWarning","filename":"/opt/airflow/dags/6_conditional_dag.py","lineno":2,"logger":"py.warnings"}
{"timestamp":"2026-07-07T10:16:47.314158Z","level":"warning","event":"The `airflow.operators.python.BranchPythonOperator` attribute is deprecated. Please use `'airflow.providers.standard.operators.python.BranchPythonOperator'`.","category":"UserWarning","filename":"/opt/airflow/dags/6_conditional_dag.py","lineno":3,"logger":"py.warnings"}
{"timestamp":"2026-07-07T10:16:47.314217Z","level":"warning","event":"The `airflow.operators.empty.EmptyOperator` attribute is deprecated. Please use `'airflow.providers.standard.operators.empty.EmptyOperator'`.","category":"UserWarning","filename":"/opt/airflow/dags/6_conditional_dag.py","lineno":4,"logger":"py.warnings"}
{"timestamp":"2026-07-07T10:17:17.473967Z","level":"info","event":"Filling up the DagBag from /opt/airflow/dags/6_conditional_dag.py","logger":"airflow.dag_processing.dagbag.BundleDagBag","filename":"dagbag.py","lineno":469}
{"timestamp":"2026-07-07T10:17:17.525057Z","level":"warning","event":"The `airflow.decorators.task` attribute is deprecated. Please use `'airflow.sdk.task'`.","category":"UserWarning","filename":"/opt/airflow/dags/6_conditional_dag.py","lineno":2,"logger":"py.warnings"}
{"timestamp":"2026-07-07T10:17:17.525311Z","level":"warning","event":"The `airflow.operators.python.BranchPythonOperator` attribute is deprecated. Please use `'airflow.providers.standard.operators.python.BranchPythonOperator'`.","category":"UserWarning","filename":"/opt/airflow/dags/6_conditional_dag.py","lineno":3,"logger":"py.warnings"}
{"timestamp":"2026-07-07T10:17:17.525472Z","level":"warning","event":"The `airflow.operators.empty.EmptyOperator` attribute is deprecated. Please use `'airflow.providers.standard.operators.empty.EmptyOperator'`.","category":"UserWarning","filename":"/opt/airflow/dags/6_conditional_dag.py","lineno":4,"logger":"py.warnings"}
{"timestamp":"2026-07-07T10:17:47.785943Z","level":"info","event":"Filling up the DagBag from /opt/airflow/dags/6_conditional_dag.py","logger":"airflow.dag_processing.dagbag.BundleDagBag","filename":"dagbag.py","lineno":469}
{"timestamp":"2026-07-07T10:17:47.825415Z","level":"warning","event":"The `airflow.decorators.task` attribute is deprecated. Please use `'airflow.sdk.task'`.","category":"UserWarning","filename":"/opt/airflow/dags/6_conditional_dag.py","lineno":2,"logger":"py.warnings"}
{"timestamp":"2026-07-07T10:17:47.825552Z","level":"warning","event":"The `airflow.operators.python.BranchPythonOperator` attribute is deprecated. Please use `'airflow.providers.standard.operators.python.BranchPythonOperator'`.","category":"UserWarning","filename":"/opt/airflow/dags/6_conditional_dag.py","lineno":3,"logger":"py.warnings"}
{"timestamp":"2026-07-07T10:17:47.825641Z","level":"warning","event":"The `airflow.operators.empty.EmptyOperator` attribute is deprecated. Please use `'airflow.providers.standard.operators.empty.EmptyOperator'`.","category":"UserWarning","filename":"/opt/airflow/dags/6_conditional_dag.py","lineno":4,"logger":"py.warnings"}
{"timestamp":"2026-07-07T10:18:18.131510Z","level":"info","event":"Filling up the DagBag from /opt/airflow/dags/6_conditional_dag.py","logger":"airflow.dag_processing.dagbag.BundleDagBag","filename":"dagbag.py","lineno":469}
{"timestamp":"2026-07-07T10:18:18.169493Z","level":"warning","event":"The `airflow.decorators.task` attribute is deprecated. Please use `'airflow.sdk.task'`.","category":"UserWarning","filename":"/opt/airflow/dags/6_conditional_dag.py","lineno":2,"logger":"py.warnings"}
{"timestamp":"2026-07-07T10:18:18.169610Z","level":"warning","event":"The `airflow.operators.python.BranchPythonOperator` attribute is deprecated. Please use `'airflow.providers.standard.operators.python.BranchPythonOperator'`.","category":"UserWarning","filename":"/opt/airflow/dags/6_conditional_dag.py","lineno":3,"logger":"py.warnings"}
{"timestamp":"2026-07-07T10:18:18.169666Z","level":"warning","event":"The `airflow.operators.empty.EmptyOperator` attribute is deprecated. Please use `'airflow.providers.standard.operators.empty.EmptyOperator'`.","category":"UserWarning","filename":"/opt/airflow/dags/6_conditional_dag.py","lineno":4,"logger":"py.warnings"}
{"timestamp":"2026-07-07T10:18:48.343716Z","level":"info","event":"Filling up the DagBag from /opt/airflow/dags/6_conditional_dag.py","logger":"airflow.dag_processing.dagbag.BundleDagBag","filename":"dagbag.py","lineno":469}
{"timestamp":"2026-07-07T10:18:48.390827Z","level":"warning","event":"The `airflow.decorators.task` attribute is deprecated. Please use `'airflow.sdk.task'`.","category":"UserWarning","filename":"/opt/airflow/dags/6_conditional_dag.py","lineno":2,"logger":"py.warnings"}
{"timestamp":"2026-07-07T10:18:48.390973Z","level":"warning","event":"The `airflow.operators.python.BranchPythonOperator` attribute is deprecated. Please use `'airflow.providers.standard.operators.python.BranchPythonOperator'`.","category":"UserWarning","filename":"/opt/airflow/dags/6_conditional_dag.py","lineno":3,"logger":"py.warnings"}
{"timestamp":"2026-07-07T10:18:48.391037Z","level":"warning","event":"The `airflow.operators.empty.EmptyOperator` attribute is deprecated. Please use `'airflow.providers.standard.operators.empty.EmptyOperator'`.","category":"UserWarning","filename":"/opt/airflow/dags/6_conditional_dag.py","lineno":4,"logger":"py.warnings"}
{"timestamp":"2026-07-07T10:19:18.580656Z","level":"info","event":"Filling up the DagBag from /opt/airflow/dags/6_conditional_dag.py","logger":"airflow.dag_processing.dagbag.BundleDagBag","filename":"dagbag.py","lineno":469}
{"timestamp":"2026-07-07T10:19:18.638830Z","level":"warning","event":"The `airflow.decorators.task` attribute is deprecated. Please use `'airflow.sdk.task'`.","category":"UserWarning","filename":"/opt/airflow/dags/6_conditional_dag.py","lineno":2,"logger":"py.warnings"}
{"timestamp":"2026-07-07T10:19:18.638949Z","level":"warning","event":"The `airflow.operators.python.BranchPythonOperator` attribute is deprecated. Please use `'airflow.providers.standard.operators.python.BranchPythonOperator'`.","category":"UserWarning","filename":"/opt/airflow/dags/6_conditional_dag.py","lineno":3,"logger":"py.warnings"}
{"timestamp":"2026-07-07T10:19:18.639019Z","level":"warning","event":"The `airflow.operators.empty.EmptyOperator` attribute is deprecated. Please use `'airflow.providers.standard.operators.empty.EmptyOperator'`.","category":"UserWarning","filename":"/opt/airflow/dags/6_conditional_dag.py","lineno":4,"logger":"py.warnings"}
{"timestamp":"2026-07-07T10:19:49.010477Z","level":"info","event":"Filling up the DagBag from /opt/airflow/dags/6_conditional_dag.py","logger":"airflow.dag_processing.dagbag.BundleDagBag","filename":"dagbag.py","lineno":469}
{"timestamp":"2026-07-07T10:19:49.049521Z","level":"warning","event":"The `airflow.decorators.task` attribute is deprecated. Please use `'airflow.sdk.task'`.","category":"UserWarning","filename":"/opt/airflow/dags/6_conditional_dag.py","lineno":2,"logger":"py.warnings"}
{"timestamp":"2026-07-07T10:19:49.049628Z","level":"warning","event":"The `airflow.operators.python.BranchPythonOperator` attribute is deprecated. Please use `'airflow.providers.standard.operators.python.BranchPythonOperator'`.","category":"UserWarning","filename":"/opt/airflow/dags/6_conditional_dag.py","lineno":3,"logger":"py.warnings"}
{"timestamp":"2026-07-07T10:19:49.049686Z","level":"warning","event":"The `airflow.operators.empty.EmptyOperator` attribute is deprecated. Please use `'airflow.providers.standard.operators.empty.EmptyOperator'`.","category":"UserWarning","filename":"/opt/airflow/dags/6_conditional_dag.py","lineno":4,"logger":"py.warnings"}
{"timestamp":"2026-07-07T10:20:19.290517Z","level":"info","event":"Filling up the DagBag from /opt/airflow/dags/6_conditional_dag.py","logger":"airflow.dag_processing.dagbag.BundleDagBag","filename":"dagbag.py","lineno":469}
{"timestamp":"2026-07-07T10:20:19.335655Z","level":"warning","event":"The `airflow.decorators.task` attribute is deprecated. Please use `'airflow.sdk.task'`.","category":"UserWarning","filename":"/opt/airflow/dags/6_conditional_dag.py","lineno":2,"logger":"py.warnings"}
{"timestamp":"2026-07-07T10:20:19.335772Z","level":"warning","event":"The `airflow.operators.python.BranchPythonOperator` attribute is deprecated. Please use `'airflow.providers.standard.operators.python.BranchPythonOperator'`.","category":"UserWarning","filename":"/opt/airflow/dags/6_conditional_dag.py","lineno":3,"logger":"py.warnings"}
{"timestamp":"2026-07-07T10:20:19.335832Z","level":"warning","event":"The `airflow.operators.empty.EmptyOperator` attribute is deprecated. Please use `'airflow.providers.standard.operators.empty.EmptyOperator'`.","category":"UserWarning","filename":"/opt/airflow/dags/6_conditional_dag.py","lineno":4,"logger":"py.warnings"}
{"timestamp":"2026-07-07T10:29:58.724428Z","level":"info","event":"Filling up the DagBag from /opt/airflow/dags/6_conditional_dag.py","logger":"airflow.dag_processing.dagbag.BundleDagBag","filename":"dagbag.py","lineno":469}
{"timestamp":"2026-07-07T10:29:58.766822Z","level":"warning","event":"The `airflow.decorators.task` attribute is deprecated. Please use `'airflow.sdk.task'`.","category":"UserWarning","filename":"/opt/airflow/dags/6_conditional_dag.py","lineno":2,"logger":"py.warnings"}
{"timestamp":"2026-07-07T10:29:58.766950Z","level":"warning","event":"The `airflow.operators.python.BranchPythonOperator` attribute is deprecated. Please use `'airflow.providers.standard.operators.python.BranchPythonOperator'`.","category":"UserWarning","filename":"/opt/airflow/dags/6_conditional_dag.py","lineno":3,"logger":"py.warnings"}
{"timestamp":"2026-07-07T10:29:58.767012Z","level":"warning","event":"The `airflow.operators.empty.EmptyOperator` attribute is deprecated. Please use `'airflow.providers.standard.operators.empty.EmptyOperator'`.","category":"UserWarning","filename":"/opt/airflow/dags/6_conditional_dag.py","lineno":4,"logger":"py.warnings"}
{"timestamp":"2026-07-07T10:30:28.930656Z","level":"info","event":"Filling up the DagBag from /opt/airflow/dags/6_conditional_dag.py","logger":"airflow.dag_processing.dagbag.BundleDagBag","filename":"dagbag.py","lineno":469}
{"timestamp":"2026-07-07T10:30:28.970302Z","level":"warning","event":"The `airflow.decorators.task` attribute is deprecated. Please use `'airflow.sdk.task'`.","category":"UserWarning","filename":"/opt/airflow/dags/6_conditional_dag.py","lineno":2,"logger":"py.warnings"}
{"timestamp":"2026-07-07T10:30:28.970430Z","level":"warning","event":"The `airflow.operators.python.BranchPythonOperator` attribute is deprecated. Please use `'airflow.providers.standard.operators.python.BranchPythonOperator'`.","category":"UserWarning","filename":"/opt/airflow/dags/6_conditional_dag.py","lineno":3,"logger":"py.warnings"}
{"timestamp":"2026-07-07T10:30:28.970502Z","level":"warning","event":"The `airflow.operators.empty.EmptyOperator` attribute is deprecated. Please use `'airflow.providers.standard.operators.empty.EmptyOperator'`.","category":"UserWarning","filename":"/opt/airflow/dags/6_conditional_dag.py","lineno":4,"logger":"py.warnings"}
{"timestamp":"2026-07-07T10:30:59.144549Z","level":"info","event":"Filling up the DagBag from /opt/airflow/dags/6_conditional_dag.py","logger":"airflow.dag_processing.dagbag.BundleDagBag","filename":"dagbag.py","lineno":469}
{"timestamp":"2026-07-07T10:30:59.190254Z","level":"warning","event":"The `airflow.decorators.task` attribute is deprecated. Please use `'airflow.sdk.task'`.","category":"UserWarning","filename":"/opt/airflow/dags/6_conditional_dag.py","lineno":2,"logger":"py.warnings"}
{"timestamp":"2026-07-07T10:30:59.190376Z","level":"warning","event":"The `airflow.operators.python.BranchPythonOperator` attribute is deprecated. Please use `'airflow.providers.standard.operators.python.BranchPythonOperator'`.","category":"UserWarning","filename":"/opt/airflow/dags/6_conditional_dag.py","lineno":3,"logger":"py.warnings"}
{"timestamp":"2026-07-07T10:30:59.190437Z","level":"warning","event":"The `airflow.operators.empty.EmptyOperator` attribute is deprecated. Please use `'airflow.providers.standard.operators.empty.EmptyOperator'`.","category":"UserWarning","filename":"/opt/airflow/dags/6_conditional_dag.py","lineno":4,"logger":"py.warnings"}
{"timestamp":"2026-07-07T10:31:29.389192Z","level":"info","event":"Filling up the DagBag from /opt/airflow/dags/6_conditional_dag.py","logger":"airflow.dag_processing.dagbag.BundleDagBag","filename":"dagbag.py","lineno":469}
{"timestamp":"2026-07-07T10:31:29.425730Z","level":"warning","event":"The `airflow.decorators.task` attribute is deprecated. Please use `'airflow.sdk.task'`.","category":"UserWarning","filename":"/opt/airflow/dags/6_conditional_dag.py","lineno":2,"logger":"py.warnings"}
{"timestamp":"2026-07-07T10:31:29.425851Z","level":"warning","event":"The `airflow.operators.python.BranchPythonOperator` attribute is deprecated. Please use `'airflow.providers.standard.operators.python.BranchPythonOperator'`.","category":"UserWarning","filename":"/opt/airflow/dags/6_conditional_dag.py","lineno":3,"logger":"py.warnings"}
{"timestamp":"2026-07-07T10:31:29.425910Z","level":"warning","event":"The `airflow.operators.empty.EmptyOperator` attribute is deprecated. Please use `'airflow.providers.standard.operators.empty.EmptyOperator'`.","category":"UserWarning","filename":"/opt/airflow/dags/6_conditional_dag.py","lineno":4,"logger":"py.warnings"}
{"timestamp":"2026-07-07T10:31:59.611429Z","level":"info","event":"Filling up the DagBag from /opt/airflow/dags/6_conditional_dag.py","logger":"airflow.dag_processing.dagbag.BundleDagBag","filename":"dagbag.py","lineno":469}
{"timestamp":"2026-07-07T10:31:59.660378Z","level":"warning","event":"The `airflow.decorators.task` attribute is deprecated. Please use `'airflow.sdk.task'`.","category":"UserWarning","filename":"/opt/airflow/dags/6_conditional_dag.py","lineno":2,"logger":"py.warnings"}
{"timestamp":"2026-07-07T10:31:59.660531Z","level":"warning","event":"The `airflow.operators.python.BranchPythonOperator` attribute is deprecated. Please use `'airflow.providers.standard.operators.python.BranchPythonOperator'`.","category":"UserWarning","filename":"/opt/airflow/dags/6_conditional_dag.py","lineno":3,"logger":"py.warnings"}
{"timestamp":"2026-07-07T10:31:59.660597Z","level":"warning","event":"The `airflow.operators.empty.EmptyOperator` attribute is deprecated. Please use `'airflow.providers.standard.operators.empty.EmptyOperator'`.","category":"UserWarning","filename":"/opt/airflow/dags/6_conditional_dag.py","lineno":4,"logger":"py.warnings"}
{"timestamp":"2026-07-07T10:32:29.932332Z","level":"info","event":"Filling up the DagBag from /opt/airflow/dags/6_conditional_dag.py","logger":"airflow.dag_processing.dagbag.BundleDagBag","filename":"dagbag.py","lineno":469}
{"timestamp":"2026-07-07T10:32:29.973367Z","level":"warning","event":"The `airflow.decorators.task` attribute is deprecated. Please use `'airflow.sdk.task'`.","category":"UserWarning","filename":"/opt/airflow/dags/6_conditional_dag.py","lineno":2,"logger":"py.warnings"}
{"timestamp":"2026-07-07T10:32:29.973488Z","level":"warning","event":"The `airflow.operators.python.BranchPythonOperator` attribute is deprecated. Please use `'airflow.providers.standard.operators.python.BranchPythonOperator'`.","category":"UserWarning","filename":"/opt/airflow/dags/6_conditional_dag.py","lineno":3,"logger":"py.warnings"}
{"timestamp":"2026-07-07T10:32:29.973548Z","level":"warning","event":"The `airflow.operators.empty.EmptyOperator` attribute is deprecated. Please use `'airflow.providers.standard.operators.empty.EmptyOperator'`.","category":"UserWarning","filename":"/opt/airflow/dags/6_conditional_dag.py","lineno":4,"logger":"py.warnings"}
{"timestamp":"2026-07-07T10:33:00.160851Z","level":"info","event":"Filling up the DagBag from /opt/airflow/dags/6_conditional_dag.py","logger":"airflow.dag_processing.dagbag.BundleDagBag","filename":"dagbag.py","lineno":469}
{"timestamp":"2026-07-07T10:33:00.210535Z","level":"warning","event":"The `airflow.decorators.task` attribute is deprecated. Please use `'airflow.sdk.task'`.","category":"UserWarning","filename":"/opt/airflow/dags/6_conditional_dag.py","lineno":2,"logger":"py.warnings"}
{"timestamp":"2026-07-07T10:33:00.210649Z","level":"warning","event":"The `airflow.operators.python.BranchPythonOperator` attribute is deprecated. Please use `'airflow.providers.standard.operators.python.BranchPythonOperator'`.","category":"UserWarning","filename":"/opt/airflow/dags/6_conditional_dag.py","lineno":3,"logger":"py.warnings"}
{"timestamp":"2026-07-07T10:33:00.210705Z","level":"warning","event":"The `airflow.operators.empty.EmptyOperator` attribute is deprecated. Please use `'airflow.providers.standard.operators.empty.EmptyOperator'`.","category":"UserWarning","filename":"/opt/airflow/dags/6_conditional_dag.py","lineno":4,"logger":"py.warnings"}
{"timestamp":"2026-07-07T10:33:30.423674Z","level":"info","event":"Filling up the DagBag from /opt/airflow/dags/6_conditional_dag.py","logger":"airflow.dag_processing.dagbag.BundleDagBag","filename":"dagbag.py","lineno":469}
{"timestamp":"2026-07-07T10:33:30.462899Z","level":"warning","event":"The `airflow.decorators.task` attribute is deprecated. Please use `'airflow.sdk.task'`.","category":"UserWarning","filename":"/opt/airflow/dags/6_conditional_dag.py","lineno":2,"logger":"py.warnings"}
{"timestamp":"2026-07-07T10:33:30.463039Z","level":"warning","event":"The `airflow.operators.python.BranchPythonOperator` attribute is deprecated. Please use `'airflow.providers.standard.operators.python.BranchPythonOperator'`.","category":"UserWarning","filename":"/opt/airflow/dags/6_conditional_dag.py","lineno":3,"logger":"py.warnings"}
{"timestamp":"2026-07-07T10:33:30.463113Z","level":"warning","event":"The `airflow.operators.empty.EmptyOperator` attribute is deprecated. Please use `'airflow.providers.standard.operators.empty.EmptyOperator'`.","category":"UserWarning","filename":"/opt/airflow/dags/6_conditional_dag.py","lineno":4,"logger":"py.warnings"}
{"timestamp":"2026-07-07T10:34:00.670143Z","level":"info","event":"Filling up the DagBag from /opt/airflow/dags/6_conditional_dag.py","logger":"airflow.dag_processing.dagbag.BundleDagBag","filename":"dagbag.py","lineno":469}
{"timestamp":"2026-07-07T10:34:00.721377Z","level":"warning","event":"The `airflow.decorators.task` attribute is deprecated. Please use `'airflow.sdk.task'`.","category":"UserWarning","filename":"/opt/airflow/dags/6_conditional_dag.py","lineno":2,"logger":"py.warnings"}
{"timestamp":"2026-07-07T10:34:00.721584Z","level":"warning","event":"The `airflow.operators.python.BranchPythonOperator` attribute is deprecated. Please use `'airflow.providers.standard.operators.python.BranchPythonOperator'`.","category":"UserWarning","filename":"/opt/airflow/dags/6_conditional_dag.py","lineno":3,"logger":"py.warnings"}
{"timestamp":"2026-07-07T10:34:00.721670Z","level":"warning","event":"The `airflow.operators.empty.EmptyOperator` attribute is deprecated. Please use `'airflow.providers.standard.operators.empty.EmptyOperator'`.","category":"UserWarning","filename":"/opt/airflow/dags/6_conditional_dag.py","lineno":4,"logger":"py.warnings"}
{"timestamp":"2026-07-07T10:34:30.922965Z","level":"info","event":"Filling up the DagBag from /opt/airflow/dags/6_conditional_dag.py","logger":"airflow.dag_processing.dagbag.BundleDagBag","filename":"dagbag.py","lineno":469}
{"timestamp":"2026-07-07T10:34:30.965115Z","level":"warning","event":"The `airflow.decorators.task` attribute is deprecated. Please use `'airflow.sdk.task'`.","category":"UserWarning","filename":"/opt/airflow/dags/6_conditional_dag.py","lineno":2,"logger":"py.warnings"}
{"timestamp":"2026-07-07T10:34:30.965242Z","level":"warning","event":"The `airflow.operators.python.BranchPythonOperator` attribute is deprecated. Please use `'airflow.providers.standard.operators.python.BranchPythonOperator'`.","category":"UserWarning","filename":"/opt/airflow/dags/6_conditional_dag.py","lineno":3,"logger":"py.warnings"}
{"timestamp":"2026-07-07T10:34:30.965304Z","level":"warning","event":"The `airflow.operators.empty.EmptyOperator` attribute is deprecated. Please use `'airflow.providers.standard.operators.empty.EmptyOperator'`.","category":"UserWarning","filename":"/opt/airflow/dags/6_conditional_dag.py","lineno":4,"logger":"py.warnings"}
{"timestamp":"2026-07-07T10:35:01.163804Z","level":"info","event":"Filling up the DagBag from /opt/airflow/dags/6_conditional_dag.py","logger":"airflow.dag_processing.dagbag.BundleDagBag","filename":"dagbag.py","lineno":469}
{"timestamp":"2026-07-07T10:35:01.200967Z","level":"warning","event":"The `airflow.decorators.task` attribute is deprecated. Please use `'airflow.sdk.task'`.","category":"UserWarning","filename":"/opt/airflow/dags/6_conditional_dag.py","lineno":2,"logger":"py.warnings"}
{"timestamp":"2026-07-07T10:35:01.201154Z","level":"warning","event":"The `airflow.operators.python.BranchPythonOperator` attribute is deprecated. Please use `'airflow.providers.standard.operators.python.BranchPythonOperator'`.","category":"UserWarning","filename":"/opt/airflow/dags/6_conditional_dag.py","lineno":3,"logger":"py.warnings"}
{"timestamp":"2026-07-07T10:35:01.201243Z","level":"warning","event":"The `airflow.operators.empty.EmptyOperator` attribute is deprecated. Please use `'airflow.providers.standard.operators.empty.EmptyOperator'`.","category":"UserWarning","filename":"/opt/airflow/dags/6_conditional_dag.py","lineno":4,"logger":"py.warnings"}
{"timestamp":"2026-07-07T10:35:31.381602Z","level":"info","event":"Filling up the DagBag from /opt/airflow/dags/6_conditional_dag.py","logger":"airflow.dag_processing.dagbag.BundleDagBag","filename":"dagbag.py","lineno":469}
{"timestamp":"2026-07-07T10:35:31.425178Z","level":"warning","event":"The `airflow.decorators.task` attribute is deprecated. Please use `'airflow.sdk.task'`.","category":"UserWarning","filename":"/opt/airflow/dags/6_conditional_dag.py","lineno":2,"logger":"py.warnings"}
{"timestamp":"2026-07-07T10:35:31.425284Z","level":"warning","event":"The `airflow.operators.python.BranchPythonOperator` attribute is deprecated. Please use `'airflow.providers.standard.operators.python.BranchPythonOperator'`.","category":"UserWarning","filename":"/opt/airflow/dags/6_conditional_dag.py","lineno":3,"logger":"py.warnings"}
{"timestamp":"2026-07-07T10:35:31.425336Z","level":"warning","event":"The `airflow.operators.empty.EmptyOperator` attribute is deprecated. Please use `'airflow.providers.standard.operators.empty.EmptyOperator'`.","category":"UserWarning","filename":"/opt/airflow/dags/6_conditional_dag.py","lineno":4,"logger":"py.warnings"}
{"timestamp":"2026-07-07T10:36:01.537281Z","level":"info","event":"Filling up the DagBag from /opt/airflow/dags/6_conditional_dag.py","logger":"airflow.dag_processing.dagbag.BundleDagBag","filename":"dagbag.py","lineno":469}
{"timestamp":"2026-07-07T10:36:01.591762Z","level":"warning","event":"The `airflow.decorators.task` attribute is deprecated. Please use `'airflow.sdk.task'`.","category":"UserWarning","filename":"/opt/airflow/dags/6_conditional_dag.py","lineno":2,"logger":"py.warnings"}
{"timestamp":"2026-07-07T10:36:01.591964Z","level":"warning","event":"The `airflow.operators.python.BranchPythonOperator` attribute is deprecated. Please use `'airflow.providers.standard.operators.python.BranchPythonOperator'`.","category":"UserWarning","filename":"/opt/airflow/dags/6_conditional_dag.py","lineno":3,"logger":"py.warnings"}
{"timestamp":"2026-07-07T10:36:01.592074Z","level":"warning","event":"The `airflow.operators.empty.EmptyOperator` attribute is deprecated. Please use `'airflow.providers.standard.operators.empty.EmptyOperator'`.","category":"UserWarning","filename":"/opt/airflow/dags/6_conditional_dag.py","lineno":4,"logger":"py.warnings"}
{"timestamp":"2026-07-07T10:36:32.177105Z","level":"info","event":"Filling up the DagBag from /opt/airflow/dags/6_conditional_dag.py","logger":"airflow.dag_processing.dagbag.BundleDagBag","filename":"dagbag.py","lineno":469}
{"timestamp":"2026-07-07T10:36:32.234159Z","level":"warning","event":"The `airflow.decorators.task` attribute is deprecated. Please use `'airflow.sdk.task'`.","category":"UserWarning","filename":"/opt/airflow/dags/6_conditional_dag.py","lineno":2,"logger":"py.warnings"}
{"timestamp":"2026-07-07T10:36:32.234342Z","level":"warning","event":"The `airflow.operators.python.BranchPythonOperator` attribute is deprecated. Please use `'airflow.providers.standard.operators.python.BranchPythonOperator'`.","category":"UserWarning","filename":"/opt/airflow/dags/6_conditional_dag.py","lineno":3,"logger":"py.warnings"}
{"timestamp":"2026-07-07T10:36:32.234440Z","level":"warning","event":"The `airflow.operators.empty.EmptyOperator` attribute is deprecated. Please use `'airflow.providers.standard.operators.empty.EmptyOperator'`.","category":"UserWarning","filename":"/opt/airflow/dags/6_conditional_dag.py","lineno":4,"logger":"py.warnings"}
{"timestamp":"2026-07-07T12:27:38.273900Z","level":"info","event":"Filling up the DagBag from /opt/airflow/dags/6_conditional_dag.py","logger":"airflow.dag_processing.dagbag.BundleDagBag","filename":"dagbag.py","lineno":469}
{"timestamp":"2026-07-07T12:27:38.452544Z","level":"warning","event":"The `airflow.decorators.task` attribute is deprecated. Please use `'airflow.sdk.task'`.","category":"UserWarning","filename":"/opt/airflow/dags/6_conditional_dag.py","lineno":2,"logger":"py.warnings"}
{"timestamp":"2026-07-07T12:27:38.452833Z","level":"warning","event":"The `airflow.operators.python.BranchPythonOperator` attribute is deprecated. Please use `'airflow.providers.standard.operators.python.BranchPythonOperator'`.","category":"UserWarning","filename":"/opt/airflow/dags/6_conditional_dag.py","lineno":3,"logger":"py.warnings"}
{"timestamp":"2026-07-07T12:27:38.453000Z","level":"warning","event":"The `airflow.operators.empty.EmptyOperator` attribute is deprecated. Please use `'airflow.providers.standard.operators.empty.EmptyOperator'`.","category":"UserWarning","filename":"/opt/airflow/dags/6_conditional_dag.py","lineno":4,"logger":"py.warnings"}
{"timestamp":"2026-07-07T12:28:09.156725Z","level":"info","event":"Filling up the DagBag from /opt/airflow/dags/6_conditional_dag.py","logger":"airflow.dag_processing.dagbag.BundleDagBag","filename":"dagbag.py","lineno":469}
{"timestamp":"2026-07-07T12:28:09.267566Z","level":"warning","event":"The `airflow.decorators.task` attribute is deprecated. Please use `'airflow.sdk.task'`.","category":"UserWarning","filename":"/opt/airflow/dags/6_conditional_dag.py","lineno":2,"logger":"py.warnings"}
{"timestamp":"2026-07-07T12:28:09.267766Z","level":"warning","event":"The `airflow.operators.python.BranchPythonOperator` attribute is deprecated. Please use `'airflow.providers.standard.operators.python.BranchPythonOperator'`.","category":"UserWarning","filename":"/opt/airflow/dags/6_conditional_dag.py","lineno":3,"logger":"py.warnings"}
{"timestamp":"2026-07-07T12:28:09.267942Z","level":"warning","event":"The `airflow.operators.empty.EmptyOperator` attribute is deprecated. Please use `'airflow.providers.standard.operators.empty.EmptyOperator'`.","category":"UserWarning","filename":"/opt/airflow/dags/6_conditional_dag.py","lineno":4,"logger":"py.warnings"}
{"timestamp":"2026-07-07T12:28:39.485980Z","level":"info","event":"Filling up the DagBag from /opt/airflow/dags/6_conditional_dag.py","logger":"airflow.dag_processing.dagbag.BundleDagBag","filename":"dagbag.py","lineno":469}
{"timestamp":"2026-07-07T12:28:39.534697Z","level":"warning","event":"The `airflow.decorators.task` attribute is deprecated. Please use `'airflow.sdk.task'`.","category":"UserWarning","filename":"/opt/airflow/dags/6_conditional_dag.py","lineno":2,"logger":"py.warnings"}
{"timestamp":"2026-07-07T12:28:39.534819Z","level":"warning","event":"The `airflow.operators.python.BranchPythonOperator` attribute is deprecated. Please use `'airflow.providers.standard.operators.python.BranchPythonOperator'`.","category":"UserWarning","filename":"/opt/airflow/dags/6_conditional_dag.py","lineno":3,"logger":"py.warnings"}
{"timestamp":"2026-07-07T12:28:39.534879Z","level":"warning","event":"The `airflow.operators.empty.EmptyOperator` attribute is deprecated. Please use `'airflow.providers.standard.operators.empty.EmptyOperator'`.","category":"UserWarning","filename":"/opt/airflow/dags/6_conditional_dag.py","lineno":4,"logger":"py.warnings"}
{"timestamp":"2026-07-07T12:29:09.820974Z","level":"info","event":"Filling up the DagBag from /opt/airflow/dags/6_conditional_dag.py","logger":"airflow.dag_processing.dagbag.BundleDagBag","filename":"dagbag.py","lineno":469}
{"timestamp":"2026-07-07T12:29:09.878065Z","level":"warning","event":"The `airflow.decorators.task` attribute is deprecated. Please use `'airflow.sdk.task'`.","category":"UserWarning","filename":"/opt/airflow/dags/6_conditional_dag.py","lineno":2,"logger":"py.warnings"}
{"timestamp":"2026-07-07T12:29:09.878277Z","level":"warning","event":"The `airflow.operators.python.BranchPythonOperator` attribute is deprecated. Please use `'airflow.providers.standard.operators.python.BranchPythonOperator'`.","category":"UserWarning","filename":"/opt/airflow/dags/6_conditional_dag.py","lineno":3,"logger":"py.warnings"}
{"timestamp":"2026-07-07T12:29:09.878405Z","level":"warning","event":"The `airflow.operators.empty.EmptyOperator` attribute is deprecated. Please use `'airflow.providers.standard.operators.empty.EmptyOperator'`.","category":"UserWarning","filename":"/opt/airflow/dags/6_conditional_dag.py","lineno":4,"logger":"py.warnings"}
{"timestamp":"2026-07-07T12:29:40.322039Z","level":"info","event":"Filling up the DagBag from /opt/airflow/dags/6_conditional_dag.py","logger":"airflow.dag_processing.dagbag.BundleDagBag","filename":"dagbag.py","lineno":469}
{"timestamp":"2026-07-07T12:29:40.400775Z","level":"warning","event":"The `airflow.decorators.task` attribute is deprecated. Please use `'airflow.sdk.task'`.","category":"UserWarning","filename":"/opt/airflow/dags/6_conditional_dag.py","lineno":2,"logger":"py.warnings"}
{"timestamp":"2026-07-07T12:29:40.400994Z","level":"warning","event":"The `airflow.operators.python.BranchPythonOperator` attribute is deprecated. Please use `'airflow.providers.standard.operators.python.BranchPythonOperator'`.","category":"UserWarning","filename":"/opt/airflow/dags/6_conditional_dag.py","lineno":3,"logger":"py.warnings"}
{"timestamp":"2026-07-07T12:29:40.401096Z","level":"warning","event":"The `airflow.operators.empty.EmptyOperator` attribute is deprecated. Please use `'airflow.providers.standard.operators.empty.EmptyOperator'`.","category":"UserWarning","filename":"/opt/airflow/dags/6_conditional_dag.py","lineno":4,"logger":"py.warnings"}
{"timestamp":"2026-07-07T12:30:11.443357Z","level":"info","event":"Filling up the DagBag from /opt/airflow/dags/6_conditional_dag.py","logger":"airflow.dag_processing.dagbag.BundleDagBag","filename":"dagbag.py","lineno":469}
{"timestamp":"2026-07-07T12:30:11.492677Z","level":"warning","event":"The `airflow.decorators.task` attribute is deprecated. Please use `'airflow.sdk.task'`.","category":"UserWarning","filename":"/opt/airflow/dags/6_conditional_dag.py","lineno":2,"logger":"py.warnings"}
{"timestamp":"2026-07-07T12:30:11.492835Z","level":"warning","event":"The `airflow.operators.python.BranchPythonOperator` attribute is deprecated. Please use `'airflow.providers.standard.operators.python.BranchPythonOperator'`.","category":"UserWarning","filename":"/opt/airflow/dags/6_conditional_dag.py","lineno":3,"logger":"py.warnings"}
{"timestamp":"2026-07-07T12:30:11.492901Z","level":"warning","event":"The `airflow.operators.empty.EmptyOperator` attribute is deprecated. Please use `'airflow.providers.standard.operators.empty.EmptyOperator'`.","category":"UserWarning","filename":"/opt/airflow/dags/6_conditional_dag.py","lineno":4,"logger":"py.warnings"}
{"timestamp":"2026-07-07T12:30:41.975976Z","level":"info","event":"Filling up the DagBag from /opt/airflow/dags/6_conditional_dag.py","logger":"airflow.dag_processing.dagbag.BundleDagBag","filename":"dagbag.py","lineno":469}
{"timestamp":"2026-07-07T12:30:42.028097Z","level":"warning","event":"The `airflow.decorators.task` attribute is deprecated. Please use `'airflow.sdk.task'`.","category":"UserWarning","filename":"/opt/airflow/dags/6_conditional_dag.py","lineno":2,"logger":"py.warnings"}
{"timestamp":"2026-07-07T12:30:42.028222Z","level":"warning","event":"The `airflow.operators.python.BranchPythonOperator` attribute is deprecated. Please use `'airflow.providers.standard.operators.python.BranchPythonOperator'`.","category":"UserWarning","filename":"/opt/airflow/dags/6_conditional_dag.py","lineno":3,"logger":"py.warnings"}
{"timestamp":"2026-07-07T12:30:42.028284Z","level":"warning","event":"The `airflow.operators.empty.EmptyOperator` attribute is deprecated. Please use `'airflow.providers.standard.operators.empty.EmptyOperator'`.","category":"UserWarning","filename":"/opt/airflow/dags/6_conditional_dag.py","lineno":4,"logger":"py.warnings"}
{"timestamp":"2026-07-07T12:31:12.446052Z","level":"info","event":"Filling up the DagBag from /opt/airflow/dags/6_conditional_dag.py","logger":"airflow.dag_processing.dagbag.BundleDagBag","filename":"dagbag.py","lineno":469}
{"timestamp":"2026-07-07T12:31:12.481753Z","level":"warning","event":"The `airflow.decorators.task` attribute is deprecated. Please use `'airflow.sdk.task'`.","category":"UserWarning","filename":"/opt/airflow/dags/6_conditional_dag.py","lineno":2,"logger":"py.warnings"}
{"timestamp":"2026-07-07T12:31:12.481934Z","level":"warning","event":"The `airflow.operators.python.BranchPythonOperator` attribute is deprecated. Please use `'airflow.providers.standard.operators.python.BranchPythonOperator'`.","category":"UserWarning","filename":"/opt/airflow/dags/6_conditional_dag.py","lineno":3,"logger":"py.warnings"}
{"timestamp":"2026-07-07T12:31:12.482015Z","level":"warning","event":"The `airflow.operators.empty.EmptyOperator` attribute is deprecated. Please use `'airflow.providers.standard.operators.empty.EmptyOperator'`.","category":"UserWarning","filename":"/opt/airflow/dags/6_conditional_dag.py","lineno":4,"logger":"py.warnings"}
{"timestamp":"2026-07-07T12:31:42.856591Z","level":"info","event":"Filling up the DagBag from /opt/airflow/dags/6_conditional_dag.py","logger":"airflow.dag_processing.dagbag.BundleDagBag","filename":"dagbag.py","lineno":469}
{"timestamp":"2026-07-07T12:31:42.893946Z","level":"warning","event":"The `airflow.decorators.task` attribute is deprecated. Please use `'airflow.sdk.task'`.","category":"UserWarning","filename":"/opt/airflow/dags/6_conditional_dag.py","lineno":2,"logger":"py.warnings"}
{"timestamp":"2026-07-07T12:31:42.894075Z","level":"warning","event":"The `airflow.operators.python.BranchPythonOperator` attribute is deprecated. Please use `'airflow.providers.standard.operators.python.BranchPythonOperator'`.","category":"UserWarning","filename":"/opt/airflow/dags/6_conditional_dag.py","lineno":3,"logger":"py.warnings"}
{"timestamp":"2026-07-07T12:31:42.894148Z","level":"warning","event":"The `airflow.operators.empty.EmptyOperator` attribute is deprecated. Please use `'airflow.providers.standard.operators.empty.EmptyOperator'`.","category":"UserWarning","filename":"/opt/airflow/dags/6_conditional_dag.py","lineno":4,"logger":"py.warnings"}
{"timestamp":"2026-07-07T12:32:13.306582Z","level":"info","event":"Filling up the DagBag from /opt/airflow/dags/6_conditional_dag.py","logger":"airflow.dag_processing.dagbag.BundleDagBag","filename":"dagbag.py","lineno":469}
{"timestamp":"2026-07-07T12:32:13.347065Z","level":"warning","event":"The `airflow.decorators.task` attribute is deprecated. Please use `'airflow.sdk.task'`.","category":"UserWarning","filename":"/opt/airflow/dags/6_conditional_dag.py","lineno":2,"logger":"py.warnings"}
{"timestamp":"2026-07-07T12:32:13.347322Z","level":"warning","event":"The `airflow.operators.python.BranchPythonOperator` attribute is deprecated. Please use `'airflow.providers.standard.operators.python.BranchPythonOperator'`.","category":"UserWarning","filename":"/opt/airflow/dags/6_conditional_dag.py","lineno":3,"logger":"py.warnings"}
{"timestamp":"2026-07-07T12:32:13.347439Z","level":"warning","event":"The `airflow.operators.empty.EmptyOperator` attribute is deprecated. Please use `'airflow.providers.standard.operators.empty.EmptyOperator'`.","category":"UserWarning","filename":"/opt/airflow/dags/6_conditional_dag.py","lineno":4,"logger":"py.warnings"}
{"timestamp":"2026-07-07T12:32:43.956304Z","level":"info","event":"Filling up the DagBag from /opt/airflow/dags/6_conditional_dag.py","logger":"airflow.dag_processing.dagbag.BundleDagBag","filename":"dagbag.py","lineno":469}
{"timestamp":"2026-07-07T12:32:44.008199Z","level":"warning","event":"The `airflow.decorators.task` attribute is deprecated. Please use `'airflow.sdk.task'`.","category":"UserWarning","filename":"/opt/airflow/dags/6_conditional_dag.py","lineno":2,"logger":"py.warnings"}
{"timestamp":"2026-07-07T12:32:44.008336Z","level":"warning","event":"The `airflow.operators.python.BranchPythonOperator` attribute is deprecated. Please use `'airflow.providers.standard.operators.python.BranchPythonOperator'`.","category":"UserWarning","filename":"/opt/airflow/dags/6_conditional_dag.py","lineno":3,"logger":"py.warnings"}
{"timestamp":"2026-07-07T12:32:44.008402Z","level":"warning","event":"The `airflow.operators.empty.EmptyOperator` attribute is deprecated. Please use `'airflow.providers.standard.operators.empty.EmptyOperator'`.","category":"UserWarning","filename":"/opt/airflow/dags/6_conditional_dag.py","lineno":4,"logger":"py.warnings"}
{"timestamp":"2026-07-07T12:33:14.818851Z","level":"info","event":"Filling up the DagBag from /opt/airflow/dags/6_conditional_dag.py","logger":"airflow.dag_processing.dagbag.BundleDagBag","filename":"dagbag.py","lineno":469}
{"timestamp":"2026-07-07T12:33:14.869262Z","level":"warning","event":"The `airflow.decorators.task` attribute is deprecated. Please use `'airflow.sdk.task'`.","category":"UserWarning","filename":"/opt/airflow/dags/6_conditional_dag.py","lineno":2,"logger":"py.warnings"}
{"timestamp":"2026-07-07T12:33:14.869514Z","level":"warning","event":"The `airflow.operators.python.BranchPythonOperator` attribute is deprecated. Please use `'airflow.providers.standard.operators.python.BranchPythonOperator'`.","category":"UserWarning","filename":"/opt/airflow/dags/6_conditional_dag.py","lineno":3,"logger":"py.warnings"}
{"timestamp":"2026-07-07T12:33:14.869618Z","level":"warning","event":"The `airflow.operators.empty.EmptyOperator` attribute is deprecated. Please use `'airflow.providers.standard.operators.empty.EmptyOperator'`.","category":"UserWarning","filename":"/opt/airflow/dags/6_conditional_dag.py","lineno":4,"logger":"py.warnings"}
{"timestamp":"2026-07-07T12:33:45.300371Z","level":"info","event":"Filling up the DagBag from /opt/airflow/dags/6_conditional_dag.py","logger":"airflow.dag_processing.dagbag.BundleDagBag","filename":"dagbag.py","lineno":469}
{"timestamp":"2026-07-07T12:33:45.337724Z","level":"warning","event":"The `airflow.decorators.task` attribute is deprecated. Please use `'airflow.sdk.task'`.","category":"UserWarning","filename":"/opt/airflow/dags/6_conditional_dag.py","lineno":2,"logger":"py.warnings"}
{"timestamp":"2026-07-07T12:33:45.337910Z","level":"warning","event":"The `airflow.operators.python.BranchPythonOperator` attribute is deprecated. Please use `'airflow.providers.standard.operators.python.BranchPythonOperator'`.","category":"UserWarning","filename":"/opt/airflow/dags/6_conditional_dag.py","lineno":3,"logger":"py.warnings"}
{"timestamp":"2026-07-07T12:33:45.337984Z","level":"warning","event":"The `airflow.operators.empty.EmptyOperator` attribute is deprecated. Please use `'airflow.providers.standard.operators.empty.EmptyOperator'`.","category":"UserWarning","filename":"/opt/airflow/dags/6_conditional_dag.py","lineno":4,"logger":"py.warnings"}
{"timestamp":"2026-07-07T12:34:15.753106Z","level":"info","event":"Filling up the DagBag from /opt/airflow/dags/6_conditional_dag.py","logger":"airflow.dag_processing.dagbag.BundleDagBag","filename":"dagbag.py","lineno":469}
{"timestamp":"2026-07-07T12:34:15.794843Z","level":"warning","event":"The `airflow.decorators.task` attribute is deprecated. Please use `'airflow.sdk.task'`.","category":"UserWarning","filename":"/opt/airflow/dags/6_conditional_dag.py","lineno":2,"logger":"py.warnings"}
{"timestamp":"2026-07-07T12:34:15.794988Z","level":"warning","event":"The `airflow.operators.python.BranchPythonOperator` attribute is deprecated. Please use `'airflow.providers.standard.operators.python.BranchPythonOperator'`.","category":"UserWarning","filename":"/opt/airflow/dags/6_conditional_dag.py","lineno":3,"logger":"py.warnings"}
{"timestamp":"2026-07-07T12:34:15.795052Z","level":"warning","event":"The `airflow.operators.empty.EmptyOperator` attribute is deprecated. Please use `'airflow.providers.standard.operators.empty.EmptyOperator'`.","category":"UserWarning","filename":"/opt/airflow/dags/6_conditional_dag.py","lineno":4,"logger":"py.warnings"}
{"timestamp":"2026-07-07T12:34:46.218178Z","level":"info","event":"Filling up the DagBag from /opt/airflow/dags/6_conditional_dag.py","logger":"airflow.dag_processing.dagbag.BundleDagBag","filename":"dagbag.py","lineno":469}
{"timestamp":"2026-07-07T12:34:46.261994Z","level":"warning","event":"The `airflow.decorators.task` attribute is deprecated. Please use `'airflow.sdk.task'`.","category":"UserWarning","filename":"/opt/airflow/dags/6_conditional_dag.py","lineno":2,"logger":"py.warnings"}
{"timestamp":"2026-07-07T12:34:46.262125Z","level":"warning","event":"The `airflow.operators.python.BranchPythonOperator` attribute is deprecated. Please use `'airflow.providers.standard.operators.python.BranchPythonOperator'`.","category":"UserWarning","filename":"/opt/airflow/dags/6_conditional_dag.py","lineno":3,"logger":"py.warnings"}
{"timestamp":"2026-07-07T12:34:46.262188Z","level":"warning","event":"The `airflow.operators.empty.EmptyOperator` attribute is deprecated. Please use `'airflow.providers.standard.operators.empty.EmptyOperator'`.","category":"UserWarning","filename":"/opt/airflow/dags/6_conditional_dag.py","lineno":4,"logger":"py.warnings"}
{"timestamp":"2026-07-07T12:35:16.642835Z","level":"info","event":"Filling up the DagBag from /opt/airflow/dags/6_conditional_dag.py","logger":"airflow.dag_processing.dagbag.BundleDagBag","filename":"dagbag.py","lineno":469}
{"timestamp":"2026-07-07T12:35:16.682165Z","level":"warning","event":"The `airflow.decorators.task` attribute is deprecated. Please use `'airflow.sdk.task'`.","category":"UserWarning","filename":"/opt/airflow/dags/6_conditional_dag.py","lineno":2,"logger":"py.warnings"}
{"timestamp":"2026-07-07T12:35:16.682308Z","level":"warning","event":"The `airflow.operators.python.BranchPythonOperator` attribute is deprecated. Please use `'airflow.providers.standard.operators.python.BranchPythonOperator'`.","category":"UserWarning","filename":"/opt/airflow/dags/6_conditional_dag.py","lineno":3,"logger":"py.warnings"}
{"timestamp":"2026-07-07T12:35:16.682370Z","level":"warning","event":"The `airflow.operators.empty.EmptyOperator` attribute is deprecated. Please use `'airflow.providers.standard.operators.empty.EmptyOperator'`.","category":"UserWarning","filename":"/opt/airflow/dags/6_conditional_dag.py","lineno":4,"logger":"py.warnings"}
{"timestamp":"2026-07-07T12:35:47.041486Z","level":"info","event":"Filling up the DagBag from /opt/airflow/dags/6_conditional_dag.py","logger":"airflow.dag_processing.dagbag.BundleDagBag","filename":"dagbag.py","lineno":469}
{"timestamp":"2026-07-07T12:35:47.106294Z","level":"warning","event":"The `airflow.decorators.task` attribute is deprecated. Please use `'airflow.sdk.task'`.","category":"UserWarning","filename":"/opt/airflow/dags/6_conditional_dag.py","lineno":2,"logger":"py.warnings"}
{"timestamp":"2026-07-07T12:35:47.106496Z","level":"warning","event":"The `airflow.operators.python.BranchPythonOperator` attribute is deprecated. Please use `'airflow.providers.standard.operators.python.BranchPythonOperator'`.","category":"UserWarning","filename":"/opt/airflow/dags/6_conditional_dag.py","lineno":3,"logger":"py.warnings"}
{"timestamp":"2026-07-07T12:35:47.106603Z","level":"warning","event":"The `airflow.operators.empty.EmptyOperator` attribute is deprecated. Please use `'airflow.providers.standard.operators.empty.EmptyOperator'`.","category":"UserWarning","filename":"/opt/airflow/dags/6_conditional_dag.py","lineno":4,"logger":"py.warnings"}
{"timestamp":"2026-07-07T12:36:17.429871Z","level":"info","event":"Filling up the DagBag from /opt/airflow/dags/6_conditional_dag.py","logger":"airflow.dag_processing.dagbag.BundleDagBag","filename":"dagbag.py","lineno":469}
{"timestamp":"2026-07-07T12:36:17.476171Z","level":"warning","event":"The `airflow.decorators.task` attribute is deprecated. Please use `'airflow.sdk.task'`.","category":"UserWarning","filename":"/opt/airflow/dags/6_conditional_dag.py","lineno":2,"logger":"py.warnings"}
{"timestamp":"2026-07-07T12:36:17.476309Z","level":"warning","event":"The `airflow.operators.python.BranchPythonOperator` attribute is deprecated. Please use `'airflow.providers.standard.operators.python.BranchPythonOperator'`.","category":"UserWarning","filename":"/opt/airflow/dags/6_conditional_dag.py","lineno":3,"logger":"py.warnings"}
{"timestamp":"2026-07-07T12:36:17.476371Z","level":"warning","event":"The `airflow.operators.empty.EmptyOperator` attribute is deprecated. Please use `'airflow.providers.standard.operators.empty.EmptyOperator'`.","category":"UserWarning","filename":"/opt/airflow/dags/6_conditional_dag.py","lineno":4,"logger":"py.warnings"}
{"timestamp":"2026-07-07T12:36:47.825302Z","level":"info","event":"Filling up the DagBag from /opt/airflow/dags/6_conditional_dag.py","logger":"airflow.dag_processing.dagbag.BundleDagBag","filename":"dagbag.py","lineno":469}
{"timestamp":"2026-07-07T12:36:47.862139Z","level":"warning","event":"The `airflow.decorators.task` attribute is deprecated. Please use `'airflow.sdk.task'`.","category":"UserWarning","filename":"/opt/airflow/dags/6_conditional_dag.py","lineno":2,"logger":"py.warnings"}
{"timestamp":"2026-07-07T12:36:47.862314Z","level":"warning","event":"The `airflow.operators.python.BranchPythonOperator` attribute is deprecated. Please use `'airflow.providers.standard.operators.python.BranchPythonOperator'`.","category":"UserWarning","filename":"/opt/airflow/dags/6_conditional_dag.py","lineno":3,"logger":"py.warnings"}
{"timestamp":"2026-07-07T12:36:47.862384Z","level":"warning","event":"The `airflow.operators.empty.EmptyOperator` attribute is deprecated. Please use `'airflow.providers.standard.operators.empty.EmptyOperator'`.","category":"UserWarning","filename":"/opt/airflow/dags/6_conditional_dag.py","lineno":4,"logger":"py.warnings"}
{"timestamp":"2026-07-07T12:37:18.260311Z","level":"info","event":"Filling up the DagBag from /opt/airflow/dags/6_conditional_dag.py","logger":"airflow.dag_processing.dagbag.BundleDagBag","filename":"dagbag.py","lineno":469}
{"timestamp":"2026-07-07T12:37:18.314818Z","level":"warning","event":"The `airflow.decorators.task` attribute is deprecated. Please use `'airflow.sdk.task'`.","category":"UserWarning","filename":"/opt/airflow/dags/6_conditional_dag.py","lineno":2,"logger":"py.warnings"}
{"timestamp":"2026-07-07T12:37:18.315026Z","level":"warning","event":"The `airflow.operators.python.BranchPythonOperator` attribute is deprecated. Please use `'airflow.providers.standard.operators.python.BranchPythonOperator'`.","category":"UserWarning","filename":"/opt/airflow/dags/6_conditional_dag.py","lineno":3,"logger":"py.warnings"}
{"timestamp":"2026-07-07T12:37:18.315154Z","level":"warning","event":"The `airflow.operators.empty.EmptyOperator` attribute is deprecated. Please use `'airflow.providers.standard.operators.empty.EmptyOperator'`.","category":"UserWarning","filename":"/opt/airflow/dags/6_conditional_dag.py","lineno":4,"logger":"py.warnings"}
{"timestamp":"2026-07-07T12:37:48.810653Z","level":"info","event":"Filling up the DagBag from /opt/airflow/dags/6_conditional_dag.py","logger":"airflow.dag_processing.dagbag.BundleDagBag","filename":"dagbag.py","lineno":469}
{"timestamp":"2026-07-07T12:37:48.849046Z","level":"warning","event":"The `airflow.decorators.task` attribute is deprecated. Please use `'airflow.sdk.task'`.","category":"UserWarning","filename":"/opt/airflow/dags/6_conditional_dag.py","lineno":2,"logger":"py.warnings"}
{"timestamp":"2026-07-07T12:37:48.849205Z","level":"warning","event":"The `airflow.operators.python.BranchPythonOperator` attribute is deprecated. Please use `'airflow.providers.standard.operators.python.BranchPythonOperator'`.","category":"UserWarning","filename":"/opt/airflow/dags/6_conditional_dag.py","lineno":3,"logger":"py.warnings"}
{"timestamp":"2026-07-07T12:37:48.849281Z","level":"warning","event":"The `airflow.operators.empty.EmptyOperator` attribute is deprecated. Please use `'airflow.providers.standard.operators.empty.EmptyOperator'`.","category":"UserWarning","filename":"/opt/airflow/dags/6_conditional_dag.py","lineno":4,"logger":"py.warnings"}
{"timestamp":"2026-07-07T12:38:19.175758Z","level":"info","event":"Filling up the DagBag from /opt/airflow/dags/6_conditional_dag.py","logger":"airflow.dag_processing.dagbag.BundleDagBag","filename":"dagbag.py","lineno":469}
{"timestamp":"2026-07-07T12:38:19.221765Z","level":"warning","event":"The `airflow.decorators.task` attribute is deprecated. Please use `'airflow.sdk.task'`.","category":"UserWarning","filename":"/opt/airflow/dags/6_conditional_dag.py","lineno":2,"logger":"py.warnings"}
{"timestamp":"2026-07-07T12:38:19.221911Z","level":"warning","event":"The `airflow.operators.python.BranchPythonOperator` attribute is deprecated. Please use `'airflow.providers.standard.operators.python.BranchPythonOperator'`.","category":"UserWarning","filename":"/opt/airflow/dags/6_conditional_dag.py","lineno":3,"logger":"py.warnings"}
{"timestamp":"2026-07-07T12:38:19.221984Z","level":"warning","event":"The `airflow.operators.empty.EmptyOperator` attribute is deprecated. Please use `'airflow.providers.standard.operators.empty.EmptyOperator'`.","category":"UserWarning","filename":"/opt/airflow/dags/6_conditional_dag.py","lineno":4,"logger":"py.warnings"}
{"timestamp":"2026-07-07T12:38:49.565461Z","level":"info","event":"Filling up the DagBag from /opt/airflow/dags/6_conditional_dag.py","logger":"airflow.dag_processing.dagbag.BundleDagBag","filename":"dagbag.py","lineno":469}
{"timestamp":"2026-07-07T12:38:49.603086Z","level":"warning","event":"The `airflow.decorators.task` attribute is deprecated. Please use `'airflow.sdk.task'`.","category":"UserWarning","filename":"/opt/airflow/dags/6_conditional_dag.py","lineno":2,"logger":"py.warnings"}
{"timestamp":"2026-07-07T12:38:49.603335Z","level":"warning","event":"The `airflow.operators.python.BranchPythonOperator` attribute is deprecated. Please use `'airflow.providers.standard.operators.python.BranchPythonOperator'`.","category":"UserWarning","filename":"/opt/airflow/dags/6_conditional_dag.py","lineno":3,"logger":"py.warnings"}
{"timestamp":"2026-07-07T12:38:49.603425Z","level":"warning","event":"The `airflow.operators.empty.EmptyOperator` attribute is deprecated. Please use `'airflow.providers.standard.operators.empty.EmptyOperator'`.","category":"UserWarning","filename":"/opt/airflow/dags/6_conditional_dag.py","lineno":4,"logger":"py.warnings"}
{"timestamp":"2026-07-07T12:39:19.962629Z","level":"info","event":"Filling up the DagBag from /opt/airflow/dags/6_conditional_dag.py","logger":"airflow.dag_processing.dagbag.BundleDagBag","filename":"dagbag.py","lineno":469}
{"timestamp":"2026-07-07T12:39:20.014101Z","level":"warning","event":"The `airflow.decorators.task` attribute is deprecated. Please use `'airflow.sdk.task'`.","category":"UserWarning","filename":"/opt/airflow/dags/6_conditional_dag.py","lineno":2,"logger":"py.warnings"}
{"timestamp":"2026-07-07T12:39:20.014348Z","level":"warning","event":"The `airflow.operators.python.BranchPythonOperator` attribute is deprecated. Please use `'airflow.providers.standard.operators.python.BranchPythonOperator'`.","category":"UserWarning","filename":"/opt/airflow/dags/6_conditional_dag.py","lineno":3,"logger":"py.warnings"}
{"timestamp":"2026-07-07T12:39:20.014460Z","level":"warning","event":"The `airflow.operators.empty.EmptyOperator` attribute is deprecated. Please use `'airflow.providers.standard.operators.empty.EmptyOperator'`.","category":"UserWarning","filename":"/opt/airflow/dags/6_conditional_dag.py","lineno":4,"logger":"py.warnings"}
{"timestamp":"2026-07-07T12:39:50.478638Z","level":"info","event":"Filling up the DagBag from /opt/airflow/dags/6_conditional_dag.py","logger":"airflow.dag_processing.dagbag.BundleDagBag","filename":"dagbag.py","lineno":469}
{"timestamp":"2026-07-07T12:39:50.519016Z","level":"warning","event":"The `airflow.decorators.task` attribute is deprecated. Please use `'airflow.sdk.task'`.","category":"UserWarning","filename":"/opt/airflow/dags/6_conditional_dag.py","lineno":2,"logger":"py.warnings"}
{"timestamp":"2026-07-07T12:39:50.519129Z","level":"warning","event":"The `airflow.operators.python.BranchPythonOperator` attribute is deprecated. Please use `'airflow.providers.standard.operators.python.BranchPythonOperator'`.","category":"UserWarning","filename":"/opt/airflow/dags/6_conditional_dag.py","lineno":3,"logger":"py.warnings"}
{"timestamp":"2026-07-07T12:39:50.519189Z","level":"warning","event":"The `airflow.operators.empty.EmptyOperator` attribute is deprecated. Please use `'airflow.providers.standard.operators.empty.EmptyOperator'`.","category":"UserWarning","filename":"/opt/airflow/dags/6_conditional_dag.py","lineno":4,"logger":"py.warnings"}
{"timestamp":"2026-07-07T12:40:20.881620Z","level":"info","event":"Filling up the DagBag from /opt/airflow/dags/6_conditional_dag.py","logger":"airflow.dag_processing.dagbag.BundleDagBag","filename":"dagbag.py","lineno":469}
{"timestamp":"2026-07-07T12:40:20.924067Z","level":"warning","event":"The `airflow.decorators.task` attribute is deprecated. Please use `'airflow.sdk.task'`.","category":"UserWarning","filename":"/opt/airflow/dags/6_conditional_dag.py","lineno":2,"logger":"py.warnings"}
{"timestamp":"2026-07-07T12:40:20.924186Z","level":"warning","event":"The `airflow.operators.python.BranchPythonOperator` attribute is deprecated. Please use `'airflow.providers.standard.operators.python.BranchPythonOperator'`.","category":"UserWarning","filename":"/opt/airflow/dags/6_conditional_dag.py","lineno":3,"logger":"py.warnings"}
{"timestamp":"2026-07-07T12:40:20.924248Z","level":"warning","event":"The `airflow.operators.empty.EmptyOperator` attribute is deprecated. Please use `'airflow.providers.standard.operators.empty.EmptyOperator'`.","category":"UserWarning","filename":"/opt/airflow/dags/6_conditional_dag.py","lineno":4,"logger":"py.warnings"}
{"timestamp":"2026-07-07T12:40:51.317969Z","level":"info","event":"Filling up the DagBag from /opt/airflow/dags/6_conditional_dag.py","logger":"airflow.dag_processing.dagbag.BundleDagBag","filename":"dagbag.py","lineno":469}
{"timestamp":"2026-07-07T12:40:51.376103Z","level":"warning","event":"The `airflow.decorators.task` attribute is deprecated. Please use `'airflow.sdk.task'`.","category":"UserWarning","filename":"/opt/airflow/dags/6_conditional_dag.py","lineno":2,"logger":"py.warnings"}
{"timestamp":"2026-07-07T12:40:51.376275Z","level":"warning","event":"The `airflow.operators.python.BranchPythonOperator` attribute is deprecated. Please use `'airflow.providers.standard.operators.python.BranchPythonOperator'`.","category":"UserWarning","filename":"/opt/airflow/dags/6_conditional_dag.py","lineno":3,"logger":"py.warnings"}
{"timestamp":"2026-07-07T12:40:51.376374Z","level":"warning","event":"The `airflow.operators.empty.EmptyOperator` attribute is deprecated. Please use `'airflow.providers.standard.operators.empty.EmptyOperator'`.","category":"UserWarning","filename":"/opt/airflow/dags/6_conditional_dag.py","lineno":4,"logger":"py.warnings"}
{"timestamp":"2026-07-07T12:41:21.948149Z","level":"info","event":"Filling up the DagBag from /opt/airflow/dags/6_conditional_dag.py","logger":"airflow.dag_processing.dagbag.BundleDagBag","filename":"dagbag.py","lineno":469}
{"timestamp":"2026-07-07T12:41:22.013134Z","level":"warning","event":"The `airflow.decorators.task` attribute is deprecated. Please use `'airflow.sdk.task'`.","category":"UserWarning","filename":"/opt/airflow/dags/6_conditional_dag.py","lineno":2,"logger":"py.warnings"}
{"timestamp":"2026-07-07T12:41:22.013286Z","level":"warning","event":"The `airflow.operators.python.BranchPythonOperator` attribute is deprecated. Please use `'airflow.providers.standard.operators.python.BranchPythonOperator'`.","category":"UserWarning","filename":"/opt/airflow/dags/6_conditional_dag.py","lineno":3,"logger":"py.warnings"}
{"timestamp":"2026-07-07T12:41:22.013357Z","level":"warning","event":"The `airflow.operators.empty.EmptyOperator` attribute is deprecated. Please use `'airflow.providers.standard.operators.empty.EmptyOperator'`.","category":"UserWarning","filename":"/opt/airflow/dags/6_conditional_dag.py","lineno":4,"logger":"py.warnings"}
{"timestamp":"2026-07-07T12:41:52.454551Z","level":"info","event":"Filling up the DagBag from /opt/airflow/dags/6_conditional_dag.py","logger":"airflow.dag_processing.dagbag.BundleDagBag","filename":"dagbag.py","lineno":469}
{"timestamp":"2026-07-07T12:41:52.514336Z","level":"warning","event":"The `airflow.decorators.task` attribute is deprecated. Please use `'airflow.sdk.task'`.","category":"UserWarning","filename":"/opt/airflow/dags/6_conditional_dag.py","lineno":2,"logger":"py.warnings"}
{"timestamp":"2026-07-07T12:41:52.514611Z","level":"warning","event":"The `airflow.operators.python.BranchPythonOperator` attribute is deprecated. Please use `'airflow.providers.standard.operators.python.BranchPythonOperator'`.","category":"UserWarning","filename":"/opt/airflow/dags/6_conditional_dag.py","lineno":3,"logger":"py.warnings"}
{"timestamp":"2026-07-07T12:41:52.514786Z","level":"warning","event":"The `airflow.operators.empty.EmptyOperator` attribute is deprecated. Please use `'airflow.providers.standard.operators.empty.EmptyOperator'`.","category":"UserWarning","filename":"/opt/airflow/dags/6_conditional_dag.py","lineno":4,"logger":"py.warnings"}
{"timestamp":"2026-07-07T12:42:23.293838Z","level":"info","event":"Filling up the DagBag from /opt/airflow/dags/6_conditional_dag.py","logger":"airflow.dag_processing.dagbag.BundleDagBag","filename":"dagbag.py","lineno":469}
{"timestamp":"2026-07-07T12:42:23.333322Z","level":"warning","event":"The `airflow.decorators.task` attribute is deprecated. Please use `'airflow.sdk.task'`.","category":"UserWarning","filename":"/opt/airflow/dags/6_conditional_dag.py","lineno":2,"logger":"py.warnings"}
{"timestamp":"2026-07-07T12:42:23.333590Z","level":"warning","event":"The `airflow.operators.python.BranchPythonOperator` attribute is deprecated. Please use `'airflow.providers.standard.operators.python.BranchPythonOperator'`.","category":"UserWarning","filename":"/opt/airflow/dags/6_conditional_dag.py","lineno":3,"logger":"py.warnings"}
{"timestamp":"2026-07-07T12:42:23.333662Z","level":"warning","event":"The `airflow.operators.empty.EmptyOperator` attribute is deprecated. Please use `'airflow.providers.standard.operators.empty.EmptyOperator'`.","category":"UserWarning","filename":"/opt/airflow/dags/6_conditional_dag.py","lineno":4,"logger":"py.warnings"}
{"timestamp":"2026-07-07T12:42:53.962470Z","level":"info","event":"Filling up the DagBag from /opt/airflow/dags/6_conditional_dag.py","logger":"airflow.dag_processing.dagbag.BundleDagBag","filename":"dagbag.py","lineno":469}
{"timestamp":"2026-07-07T12:42:54.030825Z","level":"warning","event":"The `airflow.decorators.task` attribute is deprecated. Please use `'airflow.sdk.task'`.","category":"UserWarning","filename":"/opt/airflow/dags/6_conditional_dag.py","lineno":2,"logger":"py.warnings"}
{"timestamp":"2026-07-07T12:42:54.030994Z","level":"warning","event":"The `airflow.operators.python.BranchPythonOperator` attribute is deprecated. Please use `'airflow.providers.standard.operators.python.BranchPythonOperator'`.","category":"UserWarning","filename":"/opt/airflow/dags/6_conditional_dag.py","lineno":3,"logger":"py.warnings"}
{"timestamp":"2026-07-07T12:42:54.031134Z","level":"warning","event":"The `airflow.operators.empty.EmptyOperator` attribute is deprecated. Please use `'airflow.providers.standard.operators.empty.EmptyOperator'`.","category":"UserWarning","filename":"/opt/airflow/dags/6_conditional_dag.py","lineno":4,"logger":"py.warnings"}
{"timestamp":"2026-07-07T12:43:24.811209Z","level":"info","event":"Filling up the DagBag from /opt/airflow/dags/6_conditional_dag.py","logger":"airflow.dag_processing.dagbag.BundleDagBag","filename":"dagbag.py","lineno":469}
{"timestamp":"2026-07-07T12:43:24.900672Z","level":"warning","event":"The `airflow.decorators.task` attribute is deprecated. Please use `'airflow.sdk.task'`.","category":"UserWarning","filename":"/opt/airflow/dags/6_conditional_dag.py","lineno":2,"logger":"py.warnings"}
{"timestamp":"2026-07-07T12:43:24.901055Z","level":"warning","event":"The `airflow.operators.python.BranchPythonOperator` attribute is deprecated. Please use `'airflow.providers.standard.operators.python.BranchPythonOperator'`.","category":"UserWarning","filename":"/opt/airflow/dags/6_conditional_dag.py","lineno":3,"logger":"py.warnings"}
{"timestamp":"2026-07-07T12:43:24.901319Z","level":"warning","event":"The `airflow.operators.empty.EmptyOperator` attribute is deprecated. Please use `'airflow.providers.standard.operators.empty.EmptyOperator'`.","category":"UserWarning","filename":"/opt/airflow/dags/6_conditional_dag.py","lineno":4,"logger":"py.warnings"}
{"timestamp":"2026-07-07T12:43:55.174726Z","level":"info","event":"Filling up the DagBag from /opt/airflow/dags/6_conditional_dag.py","logger":"airflow.dag_processing.dagbag.BundleDagBag","filename":"dagbag.py","lineno":469}
{"timestamp":"2026-07-07T12:43:55.221233Z","level":"warning","event":"The `airflow.decorators.task` attribute is deprecated. Please use `'airflow.sdk.task'`.","category":"UserWarning","filename":"/opt/airflow/dags/6_conditional_dag.py","lineno":2,"logger":"py.warnings"}
{"timestamp":"2026-07-07T12:43:55.221364Z","level":"warning","event":"The `airflow.operators.python.BranchPythonOperator` attribute is deprecated. Please use `'airflow.providers.standard.operators.python.BranchPythonOperator'`.","category":"UserWarning","filename":"/opt/airflow/dags/6_conditional_dag.py","lineno":3,"logger":"py.warnings"}
{"timestamp":"2026-07-07T12:43:55.221426Z","level":"warning","event":"The `airflow.operators.empty.EmptyOperator` attribute is deprecated. Please use `'airflow.providers.standard.operators.empty.EmptyOperator'`.","category":"UserWarning","filename":"/opt/airflow/dags/6_conditional_dag.py","lineno":4,"logger":"py.warnings"}
{"timestamp":"2026-07-07T12:44:25.617709Z","level":"info","event":"Filling up the DagBag from /opt/airflow/dags/6_conditional_dag.py","logger":"airflow.dag_processing.dagbag.BundleDagBag","filename":"dagbag.py","lineno":469}
{"timestamp":"2026-07-07T12:44:25.660312Z","level":"warning","event":"The `airflow.decorators.task` attribute is deprecated. Please use `'airflow.sdk.task'`.","category":"UserWarning","filename":"/opt/airflow/dags/6_conditional_dag.py","lineno":2,"logger":"py.warnings"}
{"timestamp":"2026-07-07T12:44:25.660518Z","level":"warning","event":"The `airflow.operators.python.BranchPythonOperator` attribute is deprecated. Please use `'airflow.providers.standard.operators.python.BranchPythonOperator'`.","category":"UserWarning","filename":"/opt/airflow/dags/6_conditional_dag.py","lineno":3,"logger":"py.warnings"}
{"timestamp":"2026-07-07T12:44:25.660631Z","level":"warning","event":"The `airflow.operators.empty.EmptyOperator` attribute is deprecated. Please use `'airflow.providers.standard.operators.empty.EmptyOperator'`.","category":"UserWarning","filename":"/opt/airflow/dags/6_conditional_dag.py","lineno":4,"logger":"py.warnings"}
{"timestamp":"2026-07-07T12:44:56.374412Z","level":"info","event":"Filling up the DagBag from /opt/airflow/dags/6_conditional_dag.py","logger":"airflow.dag_processing.dagbag.BundleDagBag","filename":"dagbag.py","lineno":469}
{"timestamp":"2026-07-07T12:44:56.416400Z","level":"warning","event":"The `airflow.decorators.task` attribute is deprecated. Please use `'airflow.sdk.task'`.","category":"UserWarning","filename":"/opt/airflow/dags/6_conditional_dag.py","lineno":2,"logger":"py.warnings"}
{"timestamp":"2026-07-07T12:44:56.416555Z","level":"warning","event":"The `airflow.operators.python.BranchPythonOperator` attribute is deprecated. Please use `'airflow.providers.standard.operators.python.BranchPythonOperator'`.","category":"UserWarning","filename":"/opt/airflow/dags/6_conditional_dag.py","lineno":3,"logger":"py.warnings"}
{"timestamp":"2026-07-07T12:44:56.416627Z","level":"warning","event":"The `airflow.operators.empty.EmptyOperator` attribute is deprecated. Please use `'airflow.providers.standard.operators.empty.EmptyOperator'`.","category":"UserWarning","filename":"/opt/airflow/dags/6_conditional_dag.py","lineno":4,"logger":"py.warnings"}
{"timestamp":"2026-07-07T12:45:26.722429Z","level":"info","event":"Filling up the DagBag from /opt/airflow/dags/6_conditional_dag.py","logger":"airflow.dag_processing.dagbag.BundleDagBag","filename":"dagbag.py","lineno":469}
{"timestamp":"2026-07-07T12:45:26.773288Z","level":"warning","event":"The `airflow.decorators.task` attribute is deprecated. Please use `'airflow.sdk.task'`.","category":"UserWarning","filename":"/opt/airflow/dags/6_conditional_dag.py","lineno":2,"logger":"py.warnings"}
{"timestamp":"2026-07-07T12:45:26.773506Z","level":"warning","event":"The `airflow.operators.python.BranchPythonOperator` attribute is deprecated. Please use `'airflow.providers.standard.operators.python.BranchPythonOperator'`.","category":"UserWarning","filename":"/opt/airflow/dags/6_conditional_dag.py","lineno":3,"logger":"py.warnings"}
{"timestamp":"2026-07-07T12:45:26.773647Z","level":"warning","event":"The `airflow.operators.empty.EmptyOperator` attribute is deprecated. Please use `'airflow.providers.standard.operators.empty.EmptyOperator'`.","category":"UserWarning","filename":"/opt/airflow/dags/6_conditional_dag.py","lineno":4,"logger":"py.warnings"}
{"timestamp":"2026-07-07T12:45:57.103932Z","level":"info","event":"Filling up the DagBag from /opt/airflow/dags/6_conditional_dag.py","logger":"airflow.dag_processing.dagbag.BundleDagBag","filename":"dagbag.py","lineno":469}
{"timestamp":"2026-07-07T12:45:57.149782Z","level":"warning","event":"The `airflow.decorators.task` attribute is deprecated. Please use `'airflow.sdk.task'`.","category":"UserWarning","filename":"/opt/airflow/dags/6_conditional_dag.py","lineno":2,"logger":"py.warnings"}
{"timestamp":"2026-07-07T12:45:57.149950Z","level":"warning","event":"The `airflow.operators.python.BranchPythonOperator` attribute is deprecated. Please use `'airflow.providers.standard.operators.python.BranchPythonOperator'`.","category":"UserWarning","filename":"/opt/airflow/dags/6_conditional_dag.py","lineno":3,"logger":"py.warnings"}
{"timestamp":"2026-07-07T12:45:57.150020Z","level":"warning","event":"The `airflow.operators.empty.EmptyOperator` attribute is deprecated. Please use `'airflow.providers.standard.operators.empty.EmptyOperator'`.","category":"UserWarning","filename":"/opt/airflow/dags/6_conditional_dag.py","lineno":4,"logger":"py.warnings"}
{"timestamp":"2026-07-07T12:46:27.606689Z","level":"info","event":"Filling up the DagBag from /opt/airflow/dags/6_conditional_dag.py","logger":"airflow.dag_processing.dagbag.BundleDagBag","filename":"dagbag.py","lineno":469}
{"timestamp":"2026-07-07T12:46:27.650367Z","level":"warning","event":"The `airflow.decorators.task` attribute is deprecated. Please use `'airflow.sdk.task'`.","category":"UserWarning","filename":"/opt/airflow/dags/6_conditional_dag.py","lineno":2,"logger":"py.warnings"}
{"timestamp":"2026-07-07T12:46:27.650561Z","level":"warning","event":"The `airflow.operators.python.BranchPythonOperator` attribute is deprecated. Please use `'airflow.providers.standard.operators.python.BranchPythonOperator'`.","category":"UserWarning","filename":"/opt/airflow/dags/6_conditional_dag.py","lineno":3,"logger":"py.warnings"}
{"timestamp":"2026-07-07T12:46:27.650659Z","level":"warning","event":"The `airflow.operators.empty.EmptyOperator` attribute is deprecated. Please use `'airflow.providers.standard.operators.empty.EmptyOperator'`.","category":"UserWarning","filename":"/opt/airflow/dags/6_conditional_dag.py","lineno":4,"logger":"py.warnings"}
{"timestamp":"2026-07-07T12:46:57.949253Z","level":"info","event":"Filling up the DagBag from /opt/airflow/dags/6_conditional_dag.py","logger":"airflow.dag_processing.dagbag.BundleDagBag","filename":"dagbag.py","lineno":469}
{"timestamp":"2026-07-07T12:46:57.997918Z","level":"warning","event":"The `airflow.decorators.task` attribute is deprecated. Please use `'airflow.sdk.task'`.","category":"UserWarning","filename":"/opt/airflow/dags/6_conditional_dag.py","lineno":2,"logger":"py.warnings"}
{"timestamp":"2026-07-07T12:46:57.998126Z","level":"warning","event":"The `airflow.operators.python.BranchPythonOperator` attribute is deprecated. Please use `'airflow.providers.standard.operators.python.BranchPythonOperator'`.","category":"UserWarning","filename":"/opt/airflow/dags/6_conditional_dag.py","lineno":3,"logger":"py.warnings"}
{"timestamp":"2026-07-07T12:46:57.998231Z","level":"warning","event":"The `airflow.operators.empty.EmptyOperator` attribute is deprecated. Please use `'airflow.providers.standard.operators.empty.EmptyOperator'`.","category":"UserWarning","filename":"/opt/airflow/dags/6_conditional_dag.py","lineno":4,"logger":"py.warnings"}
{"timestamp":"2026-07-07T12:47:28.350456Z","level":"info","event":"Filling up the DagBag from /opt/airflow/dags/6_conditional_dag.py","logger":"airflow.dag_processing.dagbag.BundleDagBag","filename":"dagbag.py","lineno":469}
{"timestamp":"2026-07-07T12:47:28.396427Z","level":"warning","event":"The `airflow.decorators.task` attribute is deprecated. Please use `'airflow.sdk.task'`.","category":"UserWarning","filename":"/opt/airflow/dags/6_conditional_dag.py","lineno":2,"logger":"py.warnings"}
{"timestamp":"2026-07-07T12:47:28.396732Z","level":"warning","event":"The `airflow.operators.python.BranchPythonOperator` attribute is deprecated. Please use `'airflow.providers.standard.operators.python.BranchPythonOperator'`.","category":"UserWarning","filename":"/opt/airflow/dags/6_conditional_dag.py","lineno":3,"logger":"py.warnings"}
{"timestamp":"2026-07-07T12:47:28.396869Z","level":"warning","event":"The `airflow.operators.empty.EmptyOperator` attribute is deprecated. Please use `'airflow.providers.standard.operators.empty.EmptyOperator'`.","category":"UserWarning","filename":"/opt/airflow/dags/6_conditional_dag.py","lineno":4,"logger":"py.warnings"}
{"timestamp":"2026-07-07T12:47:58.823234Z","level":"info","event":"Filling up the DagBag from /opt/airflow/dags/6_conditional_dag.py","logger":"airflow.dag_processing.dagbag.BundleDagBag","filename":"dagbag.py","lineno":469}
{"timestamp":"2026-07-07T12:47:58.859927Z","level":"warning","event":"The `airflow.decorators.task` attribute is deprecated. Please use `'airflow.sdk.task'`.","category":"UserWarning","filename":"/opt/airflow/dags/6_conditional_dag.py","lineno":2,"logger":"py.warnings"}
{"timestamp":"2026-07-07T12:47:58.860053Z","level":"warning","event":"The `airflow.operators.python.BranchPythonOperator` attribute is deprecated. Please use `'airflow.providers.standard.operators.python.BranchPythonOperator'`.","category":"UserWarning","filename":"/opt/airflow/dags/6_conditional_dag.py","lineno":3,"logger":"py.warnings"}
{"timestamp":"2026-07-07T12:47:58.860113Z","level":"warning","event":"The `airflow.operators.empty.EmptyOperator` attribute is deprecated. Please use `'airflow.providers.standard.operators.empty.EmptyOperator'`.","category":"UserWarning","filename":"/opt/airflow/dags/6_conditional_dag.py","lineno":4,"logger":"py.warnings"}
{"timestamp":"2026-07-07T12:48:29.122125Z","level":"info","event":"Filling up the DagBag from /opt/airflow/dags/6_conditional_dag.py","logger":"airflow.dag_processing.dagbag.BundleDagBag","filename":"dagbag.py","lineno":469}
{"timestamp":"2026-07-07T12:48:29.159211Z","level":"warning","event":"The `airflow.decorators.task` attribute is deprecated. Please use `'airflow.sdk.task'`.","category":"UserWarning","filename":"/opt/airflow/dags/6_conditional_dag.py","lineno":2,"logger":"py.warnings"}
{"timestamp":"2026-07-07T12:48:29.159341Z","level":"warning","event":"The `airflow.operators.python.BranchPythonOperator` attribute is deprecated. Please use `'airflow.providers.standard.operators.python.BranchPythonOperator'`.","category":"UserWarning","filename":"/opt/airflow/dags/6_conditional_dag.py","lineno":3,"logger":"py.warnings"}
{"timestamp":"2026-07-07T12:48:29.159403Z","level":"warning","event":"The `airflow.operators.empty.EmptyOperator` attribute is deprecated. Please use `'airflow.providers.standard.operators.empty.EmptyOperator'`.","category":"UserWarning","filename":"/opt/airflow/dags/6_conditional_dag.py","lineno":4,"logger":"py.warnings"}
{"timestamp":"2026-07-07T12:48:59.581322Z","level":"info","event":"Filling up the DagBag from /opt/airflow/dags/6_conditional_dag.py","logger":"airflow.dag_processing.dagbag.BundleDagBag","filename":"dagbag.py","lineno":469}
{"timestamp":"2026-07-07T12:48:59.625754Z","level":"warning","event":"The `airflow.decorators.task` attribute is deprecated. Please use `'airflow.sdk.task'`.","category":"UserWarning","filename":"/opt/airflow/dags/6_conditional_dag.py","lineno":2,"logger":"py.warnings"}
{"timestamp":"2026-07-07T12:48:59.625931Z","level":"warning","event":"The `airflow.operators.python.BranchPythonOperator` attribute is deprecated. Please use `'airflow.providers.standard.operators.python.BranchPythonOperator'`.","category":"UserWarning","filename":"/opt/airflow/dags/6_conditional_dag.py","lineno":3,"logger":"py.warnings"}
{"timestamp":"2026-07-07T12:48:59.626000Z","level":"warning","event":"The `airflow.operators.empty.EmptyOperator` attribute is deprecated. Please use `'airflow.providers.standard.operators.empty.EmptyOperator'`.","category":"UserWarning","filename":"/opt/airflow/dags/6_conditional_dag.py","lineno":4,"logger":"py.warnings"}
{"timestamp":"2026-07-07T12:49:29.956353Z","level":"info","event":"Filling up the DagBag from /opt/airflow/dags/6_conditional_dag.py","logger":"airflow.dag_processing.dagbag.BundleDagBag","filename":"dagbag.py","lineno":469}
{"timestamp":"2026-07-07T12:49:30.008749Z","level":"warning","event":"The `airflow.decorators.task` attribute is deprecated. Please use `'airflow.sdk.task'`.","category":"UserWarning","filename":"/opt/airflow/dags/6_conditional_dag.py","lineno":2,"logger":"py.warnings"}
{"timestamp":"2026-07-07T12:49:30.008993Z","level":"warning","event":"The `airflow.operators.python.BranchPythonOperator` attribute is deprecated. Please use `'airflow.providers.standard.operators.python.BranchPythonOperator'`.","category":"UserWarning","filename":"/opt/airflow/dags/6_conditional_dag.py","lineno":3,"logger":"py.warnings"}
{"timestamp":"2026-07-07T12:49:30.009101Z","level":"warning","event":"The `airflow.operators.empty.EmptyOperator` attribute is deprecated. Please use `'airflow.providers.standard.operators.empty.EmptyOperator'`.","category":"UserWarning","filename":"/opt/airflow/dags/6_conditional_dag.py","lineno":4,"logger":"py.warnings"}
{"timestamp":"2026-07-07T12:50:00.392266Z","level":"info","event":"Filling up the DagBag from /opt/airflow/dags/6_conditional_dag.py","logger":"airflow.dag_processing.dagbag.BundleDagBag","filename":"dagbag.py","lineno":469}
{"timestamp":"2026-07-07T12:50:00.443998Z","level":"warning","event":"The `airflow.decorators.task` attribute is deprecated. Please use `'airflow.sdk.task'`.","category":"UserWarning","filename":"/opt/airflow/dags/6_conditional_dag.py","lineno":2,"logger":"py.warnings"}
{"timestamp":"2026-07-07T12:50:00.444127Z","level":"warning","event":"The `airflow.operators.python.BranchPythonOperator` attribute is deprecated. Please use `'airflow.providers.standard.operators.python.BranchPythonOperator'`.","category":"UserWarning","filename":"/opt/airflow/dags/6_conditional_dag.py","lineno":3,"logger":"py.warnings"}
{"timestamp":"2026-07-07T12:50:00.444192Z","level":"warning","event":"The `airflow.operators.empty.EmptyOperator` attribute is deprecated. Please use `'airflow.providers.standard.operators.empty.EmptyOperator'`.","category":"UserWarning","filename":"/opt/airflow/dags/6_conditional_dag.py","lineno":4,"logger":"py.warnings"}
{"timestamp":"2026-07-07T12:50:30.867246Z","level":"info","event":"Filling up the DagBag from /opt/airflow/dags/6_conditional_dag.py","logger":"airflow.dag_processing.dagbag.BundleDagBag","filename":"dagbag.py","lineno":469}
{"timestamp":"2026-07-07T12:50:30.904413Z","level":"warning","event":"The `airflow.decorators.task` attribute is deprecated. Please use `'airflow.sdk.task'`.","category":"UserWarning","filename":"/opt/airflow/dags/6_conditional_dag.py","lineno":2,"logger":"py.warnings"}
{"timestamp":"2026-07-07T12:50:30.904587Z","level":"warning","event":"The `airflow.operators.python.BranchPythonOperator` attribute is deprecated. Please use `'airflow.providers.standard.operators.python.BranchPythonOperator'`.","category":"UserWarning","filename":"/opt/airflow/dags/6_conditional_dag.py","lineno":3,"logger":"py.warnings"}
{"timestamp":"2026-07-07T12:50:30.904658Z","level":"warning","event":"The `airflow.operators.empty.EmptyOperator` attribute is deprecated. Please use `'airflow.providers.standard.operators.empty.EmptyOperator'`.","category":"UserWarning","filename":"/opt/airflow/dags/6_conditional_dag.py","lineno":4,"logger":"py.warnings"}
{"timestamp":"2026-07-07T12:51:01.223571Z","level":"info","event":"Filling up the DagBag from /opt/airflow/dags/6_conditional_dag.py","logger":"airflow.dag_processing.dagbag.BundleDagBag","filename":"dagbag.py","lineno":469}
{"timestamp":"2026-07-07T12:51:01.268311Z","level":"warning","event":"The `airflow.decorators.task` attribute is deprecated. Please use `'airflow.sdk.task'`.","category":"UserWarning","filename":"/opt/airflow/dags/6_conditional_dag.py","lineno":2,"logger":"py.warnings"}
{"timestamp":"2026-07-07T12:51:01.268543Z","level":"warning","event":"The `airflow.operators.python.BranchPythonOperator` attribute is deprecated. Please use `'airflow.providers.standard.operators.python.BranchPythonOperator'`.","category":"UserWarning","filename":"/opt/airflow/dags/6_conditional_dag.py","lineno":3,"logger":"py.warnings"}
{"timestamp":"2026-07-07T12:51:01.268623Z","level":"warning","event":"The `airflow.operators.empty.EmptyOperator` attribute is deprecated. Please use `'airflow.providers.standard.operators.empty.EmptyOperator'`.","category":"UserWarning","filename":"/opt/airflow/dags/6_conditional_dag.py","lineno":4,"logger":"py.warnings"}
{"timestamp":"2026-07-07T12:51:31.888026Z","level":"info","event":"Filling up the DagBag from /opt/airflow/dags/6_conditional_dag.py","logger":"airflow.dag_processing.dagbag.BundleDagBag","filename":"dagbag.py","lineno":469}
{"timestamp":"2026-07-07T12:51:31.949415Z","level":"warning","event":"The `airflow.decorators.task` attribute is deprecated. Please use `'airflow.sdk.task'`.","category":"UserWarning","filename":"/opt/airflow/dags/6_conditional_dag.py","lineno":2,"logger":"py.warnings"}
{"timestamp":"2026-07-07T12:51:31.949544Z","level":"warning","event":"The `airflow.operators.python.BranchPythonOperator` attribute is deprecated. Please use `'airflow.providers.standard.operators.python.BranchPythonOperator'`.","category":"UserWarning","filename":"/opt/airflow/dags/6_conditional_dag.py","lineno":3,"logger":"py.warnings"}
{"timestamp":"2026-07-07T12:51:31.949603Z","level":"warning","event":"The `airflow.operators.empty.EmptyOperator` attribute is deprecated. Please use `'airflow.providers.standard.operators.empty.EmptyOperator'`.","category":"UserWarning","filename":"/opt/airflow/dags/6_conditional_dag.py","lineno":4,"logger":"py.warnings"}
{"timestamp":"2026-07-07T12:52:02.271812Z","level":"info","event":"Filling up the DagBag from /opt/airflow/dags/6_conditional_dag.py","logger":"airflow.dag_processing.dagbag.BundleDagBag","filename":"dagbag.py","lineno":469}
{"timestamp":"2026-07-07T12:52:02.319440Z","level":"warning","event":"The `airflow.decorators.task` attribute is deprecated. Please use `'airflow.sdk.task'`.","category":"UserWarning","filename":"/opt/airflow/dags/6_conditional_dag.py","lineno":2,"logger":"py.warnings"}
{"timestamp":"2026-07-07T12:52:02.319565Z","level":"warning","event":"The `airflow.operators.python.BranchPythonOperator` attribute is deprecated. Please use `'airflow.providers.standard.operators.python.BranchPythonOperator'`.","category":"UserWarning","filename":"/opt/airflow/dags/6_conditional_dag.py","lineno":3,"logger":"py.warnings"}
{"timestamp":"2026-07-07T12:52:02.319626Z","level":"warning","event":"The `airflow.operators.empty.EmptyOperator` attribute is deprecated. Please use `'airflow.providers.standard.operators.empty.EmptyOperator'`.","category":"UserWarning","filename":"/opt/airflow/dags/6_conditional_dag.py","lineno":4,"logger":"py.warnings"}
{"timestamp":"2026-07-07T12:52:32.814960Z","level":"info","event":"Filling up the DagBag from /opt/airflow/dags/6_conditional_dag.py","logger":"airflow.dag_processing.dagbag.BundleDagBag","filename":"dagbag.py","lineno":469}
{"timestamp":"2026-07-07T12:52:32.874855Z","level":"warning","event":"The `airflow.decorators.task` attribute is deprecated. Please use `'airflow.sdk.task'`.","category":"UserWarning","filename":"/opt/airflow/dags/6_conditional_dag.py","lineno":2,"logger":"py.warnings"}
{"timestamp":"2026-07-07T12:52:32.875036Z","level":"warning","event":"The `airflow.operators.python.BranchPythonOperator` attribute is deprecated. Please use `'airflow.providers.standard.operators.python.BranchPythonOperator'`.","category":"UserWarning","filename":"/opt/airflow/dags/6_conditional_dag.py","lineno":3,"logger":"py.warnings"}
{"timestamp":"2026-07-07T12:52:32.875132Z","level":"warning","event":"The `airflow.operators.empty.EmptyOperator` attribute is deprecated. Please use `'airflow.providers.standard.operators.empty.EmptyOperator'`.","category":"UserWarning","filename":"/opt/airflow/dags/6_conditional_dag.py","lineno":4,"logger":"py.warnings"}
{"timestamp":"2026-07-07T12:53:03.522827Z","level":"info","event":"Filling up the DagBag from /opt/airflow/dags/6_conditional_dag.py","logger":"airflow.dag_processing.dagbag.BundleDagBag","filename":"dagbag.py","lineno":469}
{"timestamp":"2026-07-07T12:53:03.576645Z","level":"warning","event":"The `airflow.decorators.task` attribute is deprecated. Please use `'airflow.sdk.task'`.","category":"UserWarning","filename":"/opt/airflow/dags/6_conditional_dag.py","lineno":2,"logger":"py.warnings"}
{"timestamp":"2026-07-07T12:53:03.576772Z","level":"warning","event":"The `airflow.operators.python.BranchPythonOperator` attribute is deprecated. Please use `'airflow.providers.standard.operators.python.BranchPythonOperator'`.","category":"UserWarning","filename":"/opt/airflow/dags/6_conditional_dag.py","lineno":3,"logger":"py.warnings"}
{"timestamp":"2026-07-07T12:53:03.576839Z","level":"warning","event":"The `airflow.operators.empty.EmptyOperator` attribute is deprecated. Please use `'airflow.providers.standard.operators.empty.EmptyOperator'`.","category":"UserWarning","filename":"/opt/airflow/dags/6_conditional_dag.py","lineno":4,"logger":"py.warnings"}
{"timestamp":"2026-07-07T12:53:34.182729Z","level":"info","event":"Filling up the DagBag from /opt/airflow/dags/6_conditional_dag.py","logger":"airflow.dag_processing.dagbag.BundleDagBag","filename":"dagbag.py","lineno":469}
{"timestamp":"2026-07-07T12:53:34.224455Z","level":"warning","event":"The `airflow.decorators.task` attribute is deprecated. Please use `'airflow.sdk.task'`.","category":"UserWarning","filename":"/opt/airflow/dags/6_conditional_dag.py","lineno":2,"logger":"py.warnings"}
{"timestamp":"2026-07-07T12:53:34.224595Z","level":"warning","event":"The `airflow.operators.python.BranchPythonOperator` attribute is deprecated. Please use `'airflow.providers.standard.operators.python.BranchPythonOperator'`.","category":"UserWarning","filename":"/opt/airflow/dags/6_conditional_dag.py","lineno":3,"logger":"py.warnings"}
{"timestamp":"2026-07-07T12:53:34.224656Z","level":"warning","event":"The `airflow.operators.empty.EmptyOperator` attribute is deprecated. Please use `'airflow.providers.standard.operators.empty.EmptyOperator'`.","category":"UserWarning","filename":"/opt/airflow/dags/6_conditional_dag.py","lineno":4,"logger":"py.warnings"}
{"timestamp":"2026-07-07T12:54:04.636724Z","level":"info","event":"Filling up the DagBag from /opt/airflow/dags/6_conditional_dag.py","logger":"airflow.dag_processing.dagbag.BundleDagBag","filename":"dagbag.py","lineno":469}
{"timestamp":"2026-07-07T12:54:04.695290Z","level":"warning","event":"The `airflow.decorators.task` attribute is deprecated. Please use `'airflow.sdk.task'`.","category":"UserWarning","filename":"/opt/airflow/dags/6_conditional_dag.py","lineno":2,"logger":"py.warnings"}
{"timestamp":"2026-07-07T12:54:04.695526Z","level":"warning","event":"The `airflow.operators.python.BranchPythonOperator` attribute is deprecated. Please use `'airflow.providers.standard.operators.python.BranchPythonOperator'`.","category":"UserWarning","filename":"/opt/airflow/dags/6_conditional_dag.py","lineno":3,"logger":"py.warnings"}
{"timestamp":"2026-07-07T12:54:04.695680Z","level":"warning","event":"The `airflow.operators.empty.EmptyOperator` attribute is deprecated. Please use `'airflow.providers.standard.operators.empty.EmptyOperator'`.","category":"UserWarning","filename":"/opt/airflow/dags/6_conditional_dag.py","lineno":4,"logger":"py.warnings"}
{"timestamp":"2026-07-07T12:54:35.262297Z","level":"info","event":"Filling up the DagBag from /opt/airflow/dags/6_conditional_dag.py","logger":"airflow.dag_processing.dagbag.BundleDagBag","filename":"dagbag.py","lineno":469}
{"timestamp":"2026-07-07T12:54:35.319316Z","level":"warning","event":"The `airflow.decorators.task` attribute is deprecated. Please use `'airflow.sdk.task'`.","category":"UserWarning","filename":"/opt/airflow/dags/6_conditional_dag.py","lineno":2,"logger":"py.warnings"}
{"timestamp":"2026-07-07T12:54:35.319555Z","level":"warning","event":"The `airflow.operators.python.BranchPythonOperator` attribute is deprecated. Please use `'airflow.providers.standard.operators.python.BranchPythonOperator'`.","category":"UserWarning","filename":"/opt/airflow/dags/6_conditional_dag.py","lineno":3,"logger":"py.warnings"}
{"timestamp":"2026-07-07T12:54:35.319680Z","level":"warning","event":"The `airflow.operators.empty.EmptyOperator` attribute is deprecated. Please use `'airflow.providers.standard.operators.empty.EmptyOperator'`.","category":"UserWarning","filename":"/opt/airflow/dags/6_conditional_dag.py","lineno":4,"logger":"py.warnings"}
{"timestamp":"2026-07-07T12:55:06.232663Z","level":"info","event":"Filling up the DagBag from /opt/airflow/dags/6_conditional_dag.py","logger":"airflow.dag_processing.dagbag.BundleDagBag","filename":"dagbag.py","lineno":469}
{"timestamp":"2026-07-07T12:55:06.365680Z","level":"warning","event":"The `airflow.decorators.task` attribute is deprecated. Please use `'airflow.sdk.task'`.","category":"UserWarning","filename":"/opt/airflow/dags/6_conditional_dag.py","lineno":2,"logger":"py.warnings"}
{"timestamp":"2026-07-07T12:55:06.365976Z","level":"warning","event":"The `airflow.operators.python.BranchPythonOperator` attribute is deprecated. Please use `'airflow.providers.standard.operators.python.BranchPythonOperator'`.","category":"UserWarning","filename":"/opt/airflow/dags/6_conditional_dag.py","lineno":3,"logger":"py.warnings"}
{"timestamp":"2026-07-07T12:55:06.366174Z","level":"warning","event":"The `airflow.operators.empty.EmptyOperator` attribute is deprecated. Please use `'airflow.providers.standard.operators.empty.EmptyOperator'`.","category":"UserWarning","filename":"/opt/airflow/dags/6_conditional_dag.py","lineno":4,"logger":"py.warnings"}
{"timestamp":"2026-07-07T12:55:37.155819Z","level":"info","event":"Filling up the DagBag from /opt/airflow/dags/6_conditional_dag.py","logger":"airflow.dag_processing.dagbag.BundleDagBag","filename":"dagbag.py","lineno":469}
{"timestamp":"2026-07-07T12:55:37.275696Z","level":"warning","event":"The `airflow.decorators.task` attribute is deprecated. Please use `'airflow.sdk.task'`.","category":"UserWarning","filename":"/opt/airflow/dags/6_conditional_dag.py","lineno":2,"logger":"py.warnings"}
{"timestamp":"2026-07-07T12:55:37.275918Z","level":"warning","event":"The `airflow.operators.python.BranchPythonOperator` attribute is deprecated. Please use `'airflow.providers.standard.operators.python.BranchPythonOperator'`.","category":"UserWarning","filename":"/opt/airflow/dags/6_conditional_dag.py","lineno":3,"logger":"py.warnings"}
{"timestamp":"2026-07-07T12:55:37.276040Z","level":"warning","event":"The `airflow.operators.empty.EmptyOperator` attribute is deprecated. Please use `'airflow.providers.standard.operators.empty.EmptyOperator'`.","category":"UserWarning","filename":"/opt/airflow/dags/6_conditional_dag.py","lineno":4,"logger":"py.warnings"}
{"timestamp":"2026-07-07T12:56:08.246613Z","level":"info","event":"Filling up the DagBag from /opt/airflow/dags/6_conditional_dag.py","logger":"airflow.dag_processing.dagbag.BundleDagBag","filename":"dagbag.py","lineno":469}
{"timestamp":"2026-07-07T12:56:08.296221Z","level":"warning","event":"The `airflow.decorators.task` attribute is deprecated. Please use `'airflow.sdk.task'`.","category":"UserWarning","filename":"/opt/airflow/dags/6_conditional_dag.py","lineno":2,"logger":"py.warnings"}
{"timestamp":"2026-07-07T12:56:08.296394Z","level":"warning","event":"The `airflow.operators.python.BranchPythonOperator` attribute is deprecated. Please use `'airflow.providers.standard.operators.python.BranchPythonOperator'`.","category":"UserWarning","filename":"/opt/airflow/dags/6_conditional_dag.py","lineno":3,"logger":"py.warnings"}
{"timestamp":"2026-07-07T12:56:08.296490Z","level":"warning","event":"The `airflow.operators.empty.EmptyOperator` attribute is deprecated. Please use `'airflow.providers.standard.operators.empty.EmptyOperator'`.","category":"UserWarning","filename":"/opt/airflow/dags/6_conditional_dag.py","lineno":4,"logger":"py.warnings"}
{"timestamp":"2026-07-07T12:56:38.819685Z","level":"info","event":"Filling up the DagBag from /opt/airflow/dags/6_conditional_dag.py","logger":"airflow.dag_processing.dagbag.BundleDagBag","filename":"dagbag.py","lineno":469}
{"timestamp":"2026-07-07T12:56:38.864528Z","level":"warning","event":"The `airflow.decorators.task` attribute is deprecated. Please use `'airflow.sdk.task'`.","category":"UserWarning","filename":"/opt/airflow/dags/6_conditional_dag.py","lineno":2,"logger":"py.warnings"}
{"timestamp":"2026-07-07T12:56:38.864701Z","level":"warning","event":"The `airflow.operators.python.BranchPythonOperator` attribute is deprecated. Please use `'airflow.providers.standard.operators.python.BranchPythonOperator'`.","category":"UserWarning","filename":"/opt/airflow/dags/6_conditional_dag.py","lineno":3,"logger":"py.warnings"}
{"timestamp":"2026-07-07T12:56:38.864772Z","level":"warning","event":"The `airflow.operators.empty.EmptyOperator` attribute is deprecated. Please use `'airflow.providers.standard.operators.empty.EmptyOperator'`.","category":"UserWarning","filename":"/opt/airflow/dags/6_conditional_dag.py","lineno":4,"logger":"py.warnings"}
{"timestamp":"2026-07-07T12:57:09.644115Z","level":"info","event":"Filling up the DagBag from /opt/airflow/dags/6_conditional_dag.py","logger":"airflow.dag_processing.dagbag.BundleDagBag","filename":"dagbag.py","lineno":469}
{"timestamp":"2026-07-07T12:57:09.687199Z","level":"warning","event":"The `airflow.decorators.task` attribute is deprecated. Please use `'airflow.sdk.task'`.","category":"UserWarning","filename":"/opt/airflow/dags/6_conditional_dag.py","lineno":2,"logger":"py.warnings"}
{"timestamp":"2026-07-07T12:57:09.687376Z","level":"warning","event":"The `airflow.operators.python.BranchPythonOperator` attribute is deprecated. Please use `'airflow.providers.standard.operators.python.BranchPythonOperator'`.","category":"UserWarning","filename":"/opt/airflow/dags/6_conditional_dag.py","lineno":3,"logger":"py.warnings"}
{"timestamp":"2026-07-07T12:57:09.687447Z","level":"warning","event":"The `airflow.operators.empty.EmptyOperator` attribute is deprecated. Please use `'airflow.providers.standard.operators.empty.EmptyOperator'`.","category":"UserWarning","filename":"/opt/airflow/dags/6_conditional_dag.py","lineno":4,"logger":"py.warnings"}
{"timestamp":"2026-07-07T12:57:40.223513Z","level":"info","event":"Filling up the DagBag from /opt/airflow/dags/6_conditional_dag.py","logger":"airflow.dag_processing.dagbag.BundleDagBag","filename":"dagbag.py","lineno":469}
{"timestamp":"2026-07-07T12:57:40.264250Z","level":"warning","event":"The `airflow.decorators.task` attribute is deprecated. Please use `'airflow.sdk.task'`.","category":"UserWarning","filename":"/opt/airflow/dags/6_conditional_dag.py","lineno":2,"logger":"py.warnings"}
{"timestamp":"2026-07-07T12:57:40.264380Z","level":"warning","event":"The `airflow.operators.python.BranchPythonOperator` attribute is deprecated. Please use `'airflow.providers.standard.operators.python.BranchPythonOperator'`.","category":"UserWarning","filename":"/opt/airflow/dags/6_conditional_dag.py","lineno":3,"logger":"py.warnings"}
{"timestamp":"2026-07-07T12:57:40.264440Z","level":"warning","event":"The `airflow.operators.empty.EmptyOperator` attribute is deprecated. Please use `'airflow.providers.standard.operators.empty.EmptyOperator'`.","category":"UserWarning","filename":"/opt/airflow/dags/6_conditional_dag.py","lineno":4,"logger":"py.warnings"}
{"timestamp":"2026-07-07T12:58:10.778331Z","level":"info","event":"Filling up the DagBag from /opt/airflow/dags/6_conditional_dag.py","logger":"airflow.dag_processing.dagbag.BundleDagBag","filename":"dagbag.py","lineno":469}
{"timestamp":"2026-07-07T12:58:10.825411Z","level":"warning","event":"The `airflow.decorators.task` attribute is deprecated. Please use `'airflow.sdk.task'`.","category":"UserWarning","filename":"/opt/airflow/dags/6_conditional_dag.py","lineno":2,"logger":"py.warnings"}
{"timestamp":"2026-07-07T12:58:10.825543Z","level":"warning","event":"The `airflow.operators.python.BranchPythonOperator` attribute is deprecated. Please use `'airflow.providers.standard.operators.python.BranchPythonOperator'`.","category":"UserWarning","filename":"/opt/airflow/dags/6_conditional_dag.py","lineno":3,"logger":"py.warnings"}
{"timestamp":"2026-07-07T12:58:10.825606Z","level":"warning","event":"The `airflow.operators.empty.EmptyOperator` attribute is deprecated. Please use `'airflow.providers.standard.operators.empty.EmptyOperator'`.","category":"UserWarning","filename":"/opt/airflow/dags/6_conditional_dag.py","lineno":4,"logger":"py.warnings"}
{"timestamp":"2026-07-07T12:58:41.384100Z","level":"info","event":"Filling up the DagBag from /opt/airflow/dags/6_conditional_dag.py","logger":"airflow.dag_processing.dagbag.BundleDagBag","filename":"dagbag.py","lineno":469}
{"timestamp":"2026-07-07T12:58:41.434812Z","level":"warning","event":"The `airflow.decorators.task` attribute is deprecated. Please use `'airflow.sdk.task'`.","category":"UserWarning","filename":"/opt/airflow/dags/6_conditional_dag.py","lineno":2,"logger":"py.warnings"}
{"timestamp":"2026-07-07T12:58:41.435008Z","level":"warning","event":"The `airflow.operators.python.BranchPythonOperator` attribute is deprecated. Please use `'airflow.providers.standard.operators.python.BranchPythonOperator'`.","category":"UserWarning","filename":"/opt/airflow/dags/6_conditional_dag.py","lineno":3,"logger":"py.warnings"}
{"timestamp":"2026-07-07T12:58:41.435081Z","level":"warning","event":"The `airflow.operators.empty.EmptyOperator` attribute is deprecated. Please use `'airflow.providers.standard.operators.empty.EmptyOperator'`.","category":"UserWarning","filename":"/opt/airflow/dags/6_conditional_dag.py","lineno":4,"logger":"py.warnings"}
{"timestamp":"2026-07-07T12:59:11.902694Z","level":"info","event":"Filling up the DagBag from /opt/airflow/dags/6_conditional_dag.py","logger":"airflow.dag_processing.dagbag.BundleDagBag","filename":"dagbag.py","lineno":469}
{"timestamp":"2026-07-07T12:59:11.946803Z","level":"warning","event":"The `airflow.decorators.task` attribute is deprecated. Please use `'airflow.sdk.task'`.","category":"UserWarning","filename":"/opt/airflow/dags/6_conditional_dag.py","lineno":2,"logger":"py.warnings"}
{"timestamp":"2026-07-07T12:59:11.946922Z","level":"warning","event":"The `airflow.operators.python.BranchPythonOperator` attribute is deprecated. Please use `'airflow.providers.standard.operators.python.BranchPythonOperator'`.","category":"UserWarning","filename":"/opt/airflow/dags/6_conditional_dag.py","lineno":3,"logger":"py.warnings"}
{"timestamp":"2026-07-07T12:59:11.946977Z","level":"warning","event":"The `airflow.operators.empty.EmptyOperator` attribute is deprecated. Please use `'airflow.providers.standard.operators.empty.EmptyOperator'`.","category":"UserWarning","filename":"/opt/airflow/dags/6_conditional_dag.py","lineno":4,"logger":"py.warnings"}
{"timestamp":"2026-07-07T12:59:42.406029Z","level":"info","event":"Filling up the DagBag from /opt/airflow/dags/6_conditional_dag.py","logger":"airflow.dag_processing.dagbag.BundleDagBag","filename":"dagbag.py","lineno":469}
{"timestamp":"2026-07-07T12:59:42.455147Z","level":"warning","event":"The `airflow.decorators.task` attribute is deprecated. Please use `'airflow.sdk.task'`.","category":"UserWarning","filename":"/opt/airflow/dags/6_conditional_dag.py","lineno":2,"logger":"py.warnings"}
{"timestamp":"2026-07-07T12:59:42.455293Z","level":"warning","event":"The `airflow.operators.python.BranchPythonOperator` attribute is deprecated. Please use `'airflow.providers.standard.operators.python.BranchPythonOperator'`.","category":"UserWarning","filename":"/opt/airflow/dags/6_conditional_dag.py","lineno":3,"logger":"py.warnings"}
{"timestamp":"2026-07-07T12:59:42.455358Z","level":"warning","event":"The `airflow.operators.empty.EmptyOperator` attribute is deprecated. Please use `'airflow.providers.standard.operators.empty.EmptyOperator'`.","category":"UserWarning","filename":"/opt/airflow/dags/6_conditional_dag.py","lineno":4,"logger":"py.warnings"}
{"timestamp":"2026-07-07T13:00:12.905105Z","level":"info","event":"Filling up the DagBag from /opt/airflow/dags/6_conditional_dag.py","logger":"airflow.dag_processing.dagbag.BundleDagBag","filename":"dagbag.py","lineno":469}
{"timestamp":"2026-07-07T13:00:12.959990Z","level":"warning","event":"The `airflow.decorators.task` attribute is deprecated. Please use `'airflow.sdk.task'`.","category":"UserWarning","filename":"/opt/airflow/dags/6_conditional_dag.py","lineno":2,"logger":"py.warnings"}
{"timestamp":"2026-07-07T13:00:12.960141Z","level":"warning","event":"The `airflow.operators.python.BranchPythonOperator` attribute is deprecated. Please use `'airflow.providers.standard.operators.python.BranchPythonOperator'`.","category":"UserWarning","filename":"/opt/airflow/dags/6_conditional_dag.py","lineno":3,"logger":"py.warnings"}
{"timestamp":"2026-07-07T13:00:12.960204Z","level":"warning","event":"The `airflow.operators.empty.EmptyOperator` attribute is deprecated. Please use `'airflow.providers.standard.operators.empty.EmptyOperator'`.","category":"UserWarning","filename":"/opt/airflow/dags/6_conditional_dag.py","lineno":4,"logger":"py.warnings"}
{"timestamp":"2026-07-07T13:00:43.479116Z","level":"info","event":"Filling up the DagBag from /opt/airflow/dags/6_conditional_dag.py","logger":"airflow.dag_processing.dagbag.BundleDagBag","filename":"dagbag.py","lineno":469}
{"timestamp":"2026-07-07T13:00:43.527321Z","level":"warning","event":"The `airflow.decorators.task` attribute is deprecated. Please use `'airflow.sdk.task'`.","category":"UserWarning","filename":"/opt/airflow/dags/6_conditional_dag.py","lineno":2,"logger":"py.warnings"}
{"timestamp":"2026-07-07T13:00:43.527583Z","level":"warning","event":"The `airflow.operators.python.BranchPythonOperator` attribute is deprecated. Please use `'airflow.providers.standard.operators.python.BranchPythonOperator'`.","category":"UserWarning","filename":"/opt/airflow/dags/6_conditional_dag.py","lineno":3,"logger":"py.warnings"}
{"timestamp":"2026-07-07T13:00:43.527719Z","level":"warning","event":"The `airflow.operators.empty.EmptyOperator` attribute is deprecated. Please use `'airflow.providers.standard.operators.empty.EmptyOperator'`.","category":"UserWarning","filename":"/opt/airflow/dags/6_conditional_dag.py","lineno":4,"logger":"py.warnings"}
{"timestamp":"2026-07-07T13:01:13.972949Z","level":"info","event":"Filling up the DagBag from /opt/airflow/dags/6_conditional_dag.py","logger":"airflow.dag_processing.dagbag.BundleDagBag","filename":"dagbag.py","lineno":469}
{"timestamp":"2026-07-07T13:01:14.014569Z","level":"warning","event":"The `airflow.decorators.task` attribute is deprecated. Please use `'airflow.sdk.task'`.","category":"UserWarning","filename":"/opt/airflow/dags/6_conditional_dag.py","lineno":2,"logger":"py.warnings"}
{"timestamp":"2026-07-07T13:01:14.014753Z","level":"warning","event":"The `airflow.operators.python.BranchPythonOperator` attribute is deprecated. Please use `'airflow.providers.standard.operators.python.BranchPythonOperator'`.","category":"UserWarning","filename":"/opt/airflow/dags/6_conditional_dag.py","lineno":3,"logger":"py.warnings"}
{"timestamp":"2026-07-07T13:01:14.014830Z","level":"warning","event":"The `airflow.operators.empty.EmptyOperator` attribute is deprecated. Please use `'airflow.providers.standard.operators.empty.EmptyOperator'`.","category":"UserWarning","filename":"/opt/airflow/dags/6_conditional_dag.py","lineno":4,"logger":"py.warnings"}
{"timestamp":"2026-07-07T13:01:44.510970Z","level":"info","event":"Filling up the DagBag from /opt/airflow/dags/6_conditional_dag.py","logger":"airflow.dag_processing.dagbag.BundleDagBag","filename":"dagbag.py","lineno":469}
{"timestamp":"2026-07-07T13:01:44.552626Z","level":"warning","event":"The `airflow.decorators.task` attribute is deprecated. Please use `'airflow.sdk.task'`.","category":"UserWarning","filename":"/opt/airflow/dags/6_conditional_dag.py","lineno":2,"logger":"py.warnings"}
{"timestamp":"2026-07-07T13:01:44.552746Z","level":"warning","event":"The `airflow.operators.python.BranchPythonOperator` attribute is deprecated. Please use `'airflow.providers.standard.operators.python.BranchPythonOperator'`.","category":"UserWarning","filename":"/opt/airflow/dags/6_conditional_dag.py","lineno":3,"logger":"py.warnings"}
{"timestamp":"2026-07-07T13:01:44.552809Z","level":"warning","event":"The `airflow.operators.empty.EmptyOperator` attribute is deprecated. Please use `'airflow.providers.standard.operators.empty.EmptyOperator'`.","category":"UserWarning","filename":"/opt/airflow/dags/6_conditional_dag.py","lineno":4,"logger":"py.warnings"}
{"timestamp":"2026-07-07T13:02:15.039925Z","level":"info","event":"Filling up the DagBag from /opt/airflow/dags/6_conditional_dag.py","logger":"airflow.dag_processing.dagbag.BundleDagBag","filename":"dagbag.py","lineno":469}
{"timestamp":"2026-07-07T13:02:15.080098Z","level":"warning","event":"The `airflow.decorators.task` attribute is deprecated. Please use `'airflow.sdk.task'`.","category":"UserWarning","filename":"/opt/airflow/dags/6_conditional_dag.py","lineno":2,"logger":"py.warnings"}
{"timestamp":"2026-07-07T13:02:15.080241Z","level":"warning","event":"The `airflow.operators.python.BranchPythonOperator` attribute is deprecated. Please use `'airflow.providers.standard.operators.python.BranchPythonOperator'`.","category":"UserWarning","filename":"/opt/airflow/dags/6_conditional_dag.py","lineno":3,"logger":"py.warnings"}
{"timestamp":"2026-07-07T13:02:15.080308Z","level":"warning","event":"The `airflow.operators.empty.EmptyOperator` attribute is deprecated. Please use `'airflow.providers.standard.operators.empty.EmptyOperator'`.","category":"UserWarning","filename":"/opt/airflow/dags/6_conditional_dag.py","lineno":4,"logger":"py.warnings"}
{"timestamp":"2026-07-07T13:02:45.507201Z","level":"info","event":"Filling up the DagBag from /opt/airflow/dags/6_conditional_dag.py","logger":"airflow.dag_processing.dagbag.BundleDagBag","filename":"dagbag.py","lineno":469}
{"timestamp":"2026-07-07T13:02:45.544867Z","level":"warning","event":"The `airflow.decorators.task` attribute is deprecated. Please use `'airflow.sdk.task'`.","category":"UserWarning","filename":"/opt/airflow/dags/6_conditional_dag.py","lineno":2,"logger":"py.warnings"}
{"timestamp":"2026-07-07T13:02:45.545001Z","level":"warning","event":"The `airflow.operators.python.BranchPythonOperator` attribute is deprecated. Please use `'airflow.providers.standard.operators.python.BranchPythonOperator'`.","category":"UserWarning","filename":"/opt/airflow/dags/6_conditional_dag.py","lineno":3,"logger":"py.warnings"}
{"timestamp":"2026-07-07T13:02:45.545063Z","level":"warning","event":"The `airflow.operators.empty.EmptyOperator` attribute is deprecated. Please use `'airflow.providers.standard.operators.empty.EmptyOperator'`.","category":"UserWarning","filename":"/opt/airflow/dags/6_conditional_dag.py","lineno":4,"logger":"py.warnings"}
{"timestamp":"2026-07-07T13:03:16.050018Z","level":"info","event":"Filling up the DagBag from /opt/airflow/dags/6_conditional_dag.py","logger":"airflow.dag_processing.dagbag.BundleDagBag","filename":"dagbag.py","lineno":469}
{"timestamp":"2026-07-07T13:03:16.087801Z","level":"warning","event":"The `airflow.decorators.task` attribute is deprecated. Please use `'airflow.sdk.task'`.","category":"UserWarning","filename":"/opt/airflow/dags/6_conditional_dag.py","lineno":2,"logger":"py.warnings"}
{"timestamp":"2026-07-07T13:03:16.087928Z","level":"warning","event":"The `airflow.operators.python.BranchPythonOperator` attribute is deprecated. Please use `'airflow.providers.standard.operators.python.BranchPythonOperator'`.","category":"UserWarning","filename":"/opt/airflow/dags/6_conditional_dag.py","lineno":3,"logger":"py.warnings"}
{"timestamp":"2026-07-07T13:03:16.087988Z","level":"warning","event":"The `airflow.operators.empty.EmptyOperator` attribute is deprecated. Please use `'airflow.providers.standard.operators.empty.EmptyOperator'`.","category":"UserWarning","filename":"/opt/airflow/dags/6_conditional_dag.py","lineno":4,"logger":"py.warnings"}
{"timestamp":"2026-07-07T13:03:46.579337Z","level":"info","event":"Filling up the DagBag from /opt/airflow/dags/6_conditional_dag.py","logger":"airflow.dag_processing.dagbag.BundleDagBag","filename":"dagbag.py","lineno":469}
{"timestamp":"2026-07-07T13:03:46.617832Z","level":"warning","event":"The `airflow.decorators.task` attribute is deprecated. Please use `'airflow.sdk.task'`.","category":"UserWarning","filename":"/opt/airflow/dags/6_conditional_dag.py","lineno":2,"logger":"py.warnings"}
{"timestamp":"2026-07-07T13:03:46.618119Z","level":"warning","event":"The `airflow.operators.python.BranchPythonOperator` attribute is deprecated. Please use `'airflow.providers.standard.operators.python.BranchPythonOperator'`.","category":"UserWarning","filename":"/opt/airflow/dags/6_conditional_dag.py","lineno":3,"logger":"py.warnings"}
{"timestamp":"2026-07-07T13:03:46.618320Z","level":"warning","event":"The `airflow.operators.empty.EmptyOperator` attribute is deprecated. Please use `'airflow.providers.standard.operators.empty.EmptyOperator'`.","category":"UserWarning","filename":"/opt/airflow/dags/6_conditional_dag.py","lineno":4,"logger":"py.warnings"}
{"timestamp":"2026-07-07T13:04:17.142615Z","level":"info","event":"Filling up the DagBag from /opt/airflow/dags/6_conditional_dag.py","logger":"airflow.dag_processing.dagbag.BundleDagBag","filename":"dagbag.py","lineno":469}
{"timestamp":"2026-07-07T13:04:17.198737Z","level":"warning","event":"The `airflow.decorators.task` attribute is deprecated. Please use `'airflow.sdk.task'`.","category":"UserWarning","filename":"/opt/airflow/dags/6_conditional_dag.py","lineno":2,"logger":"py.warnings"}
{"timestamp":"2026-07-07T13:04:17.198928Z","level":"warning","event":"The `airflow.operators.python.BranchPythonOperator` attribute is deprecated. Please use `'airflow.providers.standard.operators.python.BranchPythonOperator'`.","category":"UserWarning","filename":"/opt/airflow/dags/6_conditional_dag.py","lineno":3,"logger":"py.warnings"}
{"timestamp":"2026-07-07T13:04:17.199061Z","level":"warning","event":"The `airflow.operators.empty.EmptyOperator` attribute is deprecated. Please use `'airflow.providers.standard.operators.empty.EmptyOperator'`.","category":"UserWarning","filename":"/opt/airflow/dags/6_conditional_dag.py","lineno":4,"logger":"py.warnings"}
{"timestamp":"2026-07-07T13:04:47.796457Z","level":"info","event":"Filling up the DagBag from /opt/airflow/dags/6_conditional_dag.py","logger":"airflow.dag_processing.dagbag.BundleDagBag","filename":"dagbag.py","lineno":469}
{"timestamp":"2026-07-07T13:04:47.843377Z","level":"warning","event":"The `airflow.decorators.task` attribute is deprecated. Please use `'airflow.sdk.task'`.","category":"UserWarning","filename":"/opt/airflow/dags/6_conditional_dag.py","lineno":2,"logger":"py.warnings"}
{"timestamp":"2026-07-07T13:04:47.843562Z","level":"warning","event":"The `airflow.operators.python.BranchPythonOperator` attribute is deprecated. Please use `'airflow.providers.standard.operators.python.BranchPythonOperator'`.","category":"UserWarning","filename":"/opt/airflow/dags/6_conditional_dag.py","lineno":3,"logger":"py.warnings"}
{"timestamp":"2026-07-07T13:04:47.843666Z","level":"warning","event":"The `airflow.operators.empty.EmptyOperator` attribute is deprecated. Please use `'airflow.providers.standard.operators.empty.EmptyOperator'`.","category":"UserWarning","filename":"/opt/airflow/dags/6_conditional_dag.py","lineno":4,"logger":"py.warnings"}
{"timestamp":"2026-07-07T13:05:18.546711Z","level":"info","event":"Filling up the DagBag from /opt/airflow/dags/6_conditional_dag.py","logger":"airflow.dag_processing.dagbag.BundleDagBag","filename":"dagbag.py","lineno":469}
{"timestamp":"2026-07-07T13:05:18.604960Z","level":"warning","event":"The `airflow.decorators.task` attribute is deprecated. Please use `'airflow.sdk.task'`.","category":"UserWarning","filename":"/opt/airflow/dags/6_conditional_dag.py","lineno":2,"logger":"py.warnings"}
{"timestamp":"2026-07-07T13:05:18.605161Z","level":"warning","event":"The `airflow.operators.python.BranchPythonOperator` attribute is deprecated. Please use `'airflow.providers.standard.operators.python.BranchPythonOperator'`.","category":"UserWarning","filename":"/opt/airflow/dags/6_conditional_dag.py","lineno":3,"logger":"py.warnings"}
{"timestamp":"2026-07-07T13:05:18.605281Z","level":"warning","event":"The `airflow.operators.empty.EmptyOperator` attribute is deprecated. Please use `'airflow.providers.standard.operators.empty.EmptyOperator'`.","category":"UserWarning","filename":"/opt/airflow/dags/6_conditional_dag.py","lineno":4,"logger":"py.warnings"}
{"timestamp":"2026-07-07T13:05:49.332068Z","level":"info","event":"Filling up the DagBag from /opt/airflow/dags/6_conditional_dag.py","logger":"airflow.dag_processing.dagbag.BundleDagBag","filename":"dagbag.py","lineno":469}
{"timestamp":"2026-07-07T13:05:49.369879Z","level":"warning","event":"The `airflow.decorators.task` attribute is deprecated. Please use `'airflow.sdk.task'`.","category":"UserWarning","filename":"/opt/airflow/dags/6_conditional_dag.py","lineno":2,"logger":"py.warnings"}
{"timestamp":"2026-07-07T13:05:49.370049Z","level":"warning","event":"The `airflow.operators.python.BranchPythonOperator` attribute is deprecated. Please use `'airflow.providers.standard.operators.python.BranchPythonOperator'`.","category":"UserWarning","filename":"/opt/airflow/dags/6_conditional_dag.py","lineno":3,"logger":"py.warnings"}
{"timestamp":"2026-07-07T13:05:49.370127Z","level":"warning","event":"The `airflow.operators.empty.EmptyOperator` attribute is deprecated. Please use `'airflow.providers.standard.operators.empty.EmptyOperator'`.","category":"UserWarning","filename":"/opt/airflow/dags/6_conditional_dag.py","lineno":4,"logger":"py.warnings"}
{"timestamp":"2026-07-07T13:06:19.958039Z","level":"info","event":"Filling up the DagBag from /opt/airflow/dags/6_conditional_dag.py","logger":"airflow.dag_processing.dagbag.BundleDagBag","filename":"dagbag.py","lineno":469}
{"timestamp":"2026-07-07T13:06:20.021093Z","level":"warning","event":"The `airflow.decorators.task` attribute is deprecated. Please use `'airflow.sdk.task'`.","category":"UserWarning","filename":"/opt/airflow/dags/6_conditional_dag.py","lineno":2,"logger":"py.warnings"}
{"timestamp":"2026-07-07T13:06:20.021237Z","level":"warning","event":"The `airflow.operators.python.BranchPythonOperator` attribute is deprecated. Please use `'airflow.providers.standard.operators.python.BranchPythonOperator'`.","category":"UserWarning","filename":"/opt/airflow/dags/6_conditional_dag.py","lineno":3,"logger":"py.warnings"}
{"timestamp":"2026-07-07T13:06:20.021312Z","level":"warning","event":"The `airflow.operators.empty.EmptyOperator` attribute is deprecated. Please use `'airflow.providers.standard.operators.empty.EmptyOperator'`.","category":"UserWarning","filename":"/opt/airflow/dags/6_conditional_dag.py","lineno":4,"logger":"py.warnings"}
{"timestamp":"2026-07-07T13:06:50.865064Z","level":"info","event":"Filling up the DagBag from /opt/airflow/dags/6_conditional_dag.py","logger":"airflow.dag_processing.dagbag.BundleDagBag","filename":"dagbag.py","lineno":469}
{"timestamp":"2026-07-07T13:06:50.901187Z","level":"warning","event":"The `airflow.decorators.task` attribute is deprecated. Please use `'airflow.sdk.task'`.","category":"UserWarning","filename":"/opt/airflow/dags/6_conditional_dag.py","lineno":2,"logger":"py.warnings"}
{"timestamp":"2026-07-07T13:06:50.901339Z","level":"warning","event":"The `airflow.operators.python.BranchPythonOperator` attribute is deprecated. Please use `'airflow.providers.standard.operators.python.BranchPythonOperator'`.","category":"UserWarning","filename":"/opt/airflow/dags/6_conditional_dag.py","lineno":3,"logger":"py.warnings"}
{"timestamp":"2026-07-07T13:06:50.901404Z","level":"warning","event":"The `airflow.operators.empty.EmptyOperator` attribute is deprecated. Please use `'airflow.providers.standard.operators.empty.EmptyOperator'`.","category":"UserWarning","filename":"/opt/airflow/dags/6_conditional_dag.py","lineno":4,"logger":"py.warnings"}
{"timestamp":"2026-07-07T16:00:05.101511Z","level":"info","event":"Filling up the DagBag from /opt/airflow/dags/6_conditional_dag.py","logger":"airflow.dag_processing.dagbag.BundleDagBag","filename":"dagbag.py","lineno":469}
{"timestamp":"2026-07-07T16:00:05.369224Z","level":"warning","event":"The `airflow.decorators.task` attribute is deprecated. Please use `'airflow.sdk.task'`.","category":"UserWarning","filename":"/opt/airflow/dags/6_conditional_dag.py","lineno":2,"logger":"py.warnings"}
{"timestamp":"2026-07-07T16:00:05.370438Z","level":"warning","event":"The `airflow.operators.python.BranchPythonOperator` attribute is deprecated. Please use `'airflow.providers.standard.operators.python.BranchPythonOperator'`.","category":"UserWarning","filename":"/opt/airflow/dags/6_conditional_dag.py","lineno":3,"logger":"py.warnings"}
{"timestamp":"2026-07-07T16:00:05.370848Z","level":"warning","event":"The `airflow.operators.empty.EmptyOperator` attribute is deprecated. Please use `'airflow.providers.standard.operators.empty.EmptyOperator'`.","category":"UserWarning","filename":"/opt/airflow/dags/6_conditional_dag.py","lineno":4,"logger":"py.warnings"}
